"Step","AnymalC-Reach-v1_seed0_hidden_size256_lr1_gamma0.99_lamda0.8_entropy0.01 - timestep","AnymalC-Reach-v1_seed0_hidden_size256_lr1_gamma0.99_lamda0.8_entropy0.01 - timestep__MIN","AnymalC-Reach-v1_seed0_hidden_size256_lr1_gamma0.99_lamda0.8_entropy0.01 - timestep__MAX"
"116","58","58","58"
"225","112","112","112"
"342","170","170","170"
"451","224","224","224"
"588","292","292","292"
"689","342","342","342"
"1219","605","605","605"
"1590","789","789","789"
"1693","840","840","840"
"1802","894","894","894"
"1921","953","953","953"
"2383","1182","1182","1182"
"2589","1284","1284","1284"
"2694","1336","1336","1336"
"2930","1453","1453","1453"
"3039","1507","1507","1507"
"3142","1558","1558","1558"
"3432","1702","1702","1702"
"3545","1758","1758","1758"
"3660","1815","1815","1815"
"3781","1875","1875","1875"
"3916","1942","1942","1942"
"4039","2003","2003","2003"
"4291","2128","2128","2128"
"4414","2189","2189","2189"
"4537","2250","2250","2250"
"4668","2315","2315","2315"
"4777","2369","2369","2369"
"4999","2479","2479","2479"
"5283","2620","2620","2620"
"5523","2739","2739","2739"
"5648","2801","2801","2801"
"5918","2935","2935","2935"
"6033","2992","2992","2992"
"6166","3058","3058","3058"
"6301","3125","3125","3125"
"6438","3193","3193","3193"
"6551","3249","3249","3249"
"6684","3315","3315","3315"
"6819","3382","3382","3382"
"6960","3452","3452","3452"
"7212","3577","3577","3577"
"7349","3645","3645","3645"
"7726","3832","3832","3832"
"7863","3900","3900","3900"
"7990","3963","3963","3963"
"8107","4021","4021","4021"
"8480","4206","4206","4206"
"8693","4312","4312","4312"
"8828","4379","4379","4379"
"9062","4495","4495","4495"
"9199","4563","4563","4563"
"9308","4617","4617","4617"
"9439","4682","4682","4682"
"9576","4750","4750","4750"
"9705","4814","4814","4814"
"9828","4875","4875","4875"
"9953","4937","4937","4937"
"10171","5045","5045","5045"
"10308","5113","5113","5113"
"10427","5172","5172","5172"
"10685","5300","5300","5300"
"10828","5371","5371","5371"
"11076","5494","5494","5494"
"11441","5675","5675","5675"
"11556","5732","5732","5732"
"11693","5800","5800","5800"
"11802","5854","5854","5854"
"12056","5980","5980","5980"
"12183","6043","6043","6043"
"12310","6106","6106","6106"
"12409","6155","6155","6155"
"12542","6221","6221","6221"
"12683","6291","6291","6291"
"12826","6362","6362","6362"
"12951","6424","6424","6424"
"13308","6601","6601","6601"
"13441","6667","6667","6667"
"13558","6725","6725","6725"
"13826","6858","6858","6858"
"13957","6923","6923","6923"
"14084","6986","6986","6986"
"14185","7036","7036","7036"
"14290","7088","7088","7088"
"14657","7270","7270","7270"
"14790","7336","7336","7336"
"14927","7404","7404","7404"
"15046","7463","7463","7463"
"15163","7521","7521","7521"
"15403","7640","7640","7640"
"15526","7701","7701","7701"
"15639","7757","7757","7757"
"15758","7816","7816","7816"
"15879","7876","7876","7876"
"16006","7939","7939","7939"
"16137","8004","8004","8004"
"16266","8068","8068","8068"
"16383","8126","8126","8126"
"16752","8309","8309","8309"
"16891","8378","8378","8378"
"17365","8613","8613","8613"
"17494","8677","8677","8677"
"17621","8740","8740","8740"
"17764","8811","8811","8811"
"17879","8868","8868","8868"
"18000","8928","8928","8928"
"18234","9044","9044","9044"
"18367","9110","9110","9110"
"18488","9170","9170","9170"
"18617","9234","9234","9234"
"18990","9419","9419","9419"
"19113","9480","9480","9480"
"19224","9535","9535","9535"
"19335","9590","9590","9590"
"19468","9656","9656","9656"
"19720","9781","9781","9781"
"20069","9954","9954","9954"
"20414","10125","10125","10125"
"20537","10186","10186","10186"
"20785","10309","10309","10309"
"20916","10374","10374","10374"
"21029","10430","10430","10430"
"21281","10555","10555","10555"
"21535","10681","10681","10681"
"21644","10735","10735","10735"
"21882","10853","10853","10853"
"21997","10910","10910","10910"
"22356","11088","11088","11088"
"22469","11144","11144","11144"
"22921","11368","11368","11368"
"23254","11533","11533","11533"
"23353","11582","11582","11582"
"23486","11648","11648","11648"
"23601","11705","11705","11705"
"23954","11880","11880","11880"
"24069","11937","11937","11937"
"24186","11995","11995","11995"
"24422","12112","12112","12112"
"24543","12172","12172","12172"
"24652","12226","12226","12226"
"24771","12285","12285","12285"
"24888","12343","12343","12343"
"24999","12398","12398","12398"
"25130","12463","12463","12463"
"25469","12631","12631","12631"
"25586","12689","12689","12689"
"25705","12748","12748","12748"
"25830","12810","12810","12810"
"25953","12871","12871","12871"
"26082","12935","12935","12935"
"26189","12988","12988","12988"
"26312","13049","13049","13049"
"26447","13116","13116","13116"
"26586","13185","13185","13185"
"26713","13248","13248","13248"
"26824","13303","13303","13303"
"27074","13427","13427","13427"
"27310","13544","13544","13544"
"27417","13597","13597","13597"
"27544","13660","13660","13660"
"27790","13782","13782","13782"
"28028","13900","13900","13900"
"28159","13965","13965","13965"
"28637","14202","14202","14202"
"28877","14321","14321","14321"
"29012","14388","14388","14388"
"29139","14451","14451","14451"
"29264","14513","14513","14513"
"29857","14807","14807","14807"
"29968","14862","14862","14862"
"30073","14914","14914","14914"
"30186","14970","14970","14970"
"30295","15024","15024","15024"
"30404","15078","15078","15078"
"30525","15138","15138","15138"
"30636","15193","15193","15193"
"30751","15250","15250","15250"
"31021","15384","15384","15384"
"31136","15441","15441","15441"
"31263","15504","15504","15504"
"31507","15625","15625","15625"
"31636","15689","15689","15689"
"31739","15740","15740","15740"
"31975","15857","15857","15857"
"32092","15915","15915","15915"
"32231","15984","15984","15984"
"32465","16100","16100","16100"
"32572","16153","16153","16153"
"32804","16268","16268","16268"
"32933","16332","16332","16332"
"33050","16390","16390","16390"
"33171","16450","16450","16450"
"33294","16511","16511","16511"
"33413","16570","16570","16570"
"33518","16622","16622","16622"
"33766","16745","16745","16745"
"33887","16805","16805","16805"
"34002","16862","16862","16862"
"34131","16926","16926","16926"
"34363","17041","17041","17041"
"34472","17095","17095","17095"
"34597","17157","17157","17157"
"34722","17219","17219","17219"
"34837","17276","17276","17276"
"35087","17400","17400","17400"
"35206","17459","17459","17459"
"35333","17522","17522","17522"
"35430","17570","17570","17570"
"35668","17688","17688","17688"
"35783","17745","17745","17745"
"35908","17807","17807","17807"
"36031","17868","17868","17868"
"36164","17934","17934","17934"
"36289","17996","17996","17996"
"36414","18058","18058","18058"
"36533","18117","18117","18117"
"37033","18365","18365","18365"
"37485","18589","18589","18589"
"37598","18645","18645","18645"
"37707","18699","18699","18699"
"38056","18872","18872","18872"
"38157","18922","18922","18922"
"38254","18970","18970","18970"
"38389","19037","19037","19037"
"38651","19167","19167","19167"
"38770","19226","19226","19226"
"39355","19516","19516","19516"
"39472","19574","19574","19574"
"39581","19628","19628","19628"
"39692","19683","19683","19683"
"39815","19744","19744","19744"
"39950","19811","19811","19811"
"40065","19868","19868","19868"
"40176","19923","19923","19923"
"40467","20067","20067","20067"
"40582","20124","20124","20124"
"40687","20176","20176","20176"
"40846","20255","20255","20255"
"40973","20318","20318","20318"
"41098","20380","20380","20380"
"41227","20444","20444","20444"
"41707","20682","20682","20682"
"41941","20798","20798","20798"
"42062","20858","20858","20858"
"42165","20909","20909","20909"
"42504","21077","21077","21077"
"42615","21132","21132","21132"
"42831","21239","21239","21239"
"42944","21295","21295","21295"
"43055","21350","21350","21350"
"43180","21412","21412","21412"
"43283","21463","21463","21463"
"43666","21653","21653","21653"
"43789","21714","21714","21714"
"43926","21782","21782","21782"
"44144","21890","21890","21890"
"44346","21990","21990","21990"
"44584","22108","22108","22108"
"44709","22170","22170","22170"
"44832","22231","22231","22231"
"44943","22286","22286","22286"
"45066","22347","22347","22347"
"45199","22413","22413","22413"
"45306","22466","22466","22466"
"45423","22524","22524","22524"
"45542","22583","22583","22583"
"45671","22647","22647","22647"
"45800","22711","22711","22711"
"46030","22825","22825","22825"
"46278","22948","22948","22948"
"46387","23002","23002","23002"
"46510","23063","23063","23063"
"46851","23232","23232","23232"
"47105","23358","23358","23358"
"47210","23410","23410","23410"
"47321","23465","23465","23465"
"47430","23519","23519","23519"
"47545","23576","23576","23576"
"47912","23758","23758","23758"
"48013","23808","23808","23808"
"48140","23871","23871","23871"
"48257","23929","23929","23929"
"48368","23984","23984","23984"
"48477","24038","24038","24038"
"48590","24094","24094","24094"
"48703","24150","24150","24150"
"48818","24207","24207","24207"
"48961","24278","24278","24278"
"49066","24330","24330","24330"
"49185","24389","24389","24389"
"49308","24450","24450","24450"
"49429","24510","24510","24510"
"49540","24565","24565","24565"
"49639","24614","24614","24614"
"49738","24663","24663","24663"
"49994","24790","24790","24790"
"50212","24898","24898","24898"
"50345","24964","24964","24964"
"50466","25024","25024","25024"
"50740","25160","25160","25160"
"50863","25221","25221","25221"
"50976","25277","25277","25277"
"51309","25442","25442","25442"
"51571","25572","25572","25572"
"51670","25621","25621","25621"
"51785","25678","25678","25678"
"52684","26125","26125","26125"
"52906","26235","26235","26235"
"53023","26293","26293","26293"
"53362","26461","26461","26461"
"53481","26520","26520","26520"
"53598","26578","26578","26578"
"53707","26632","26632","26632"
"53828","26692","26692","26692"
"54169","26861","26861","26861"
"54280","26916","26916","26916"
"54506","27028","27028","27028"
"54639","27094","27094","27094"
"54756","27152","27152","27152"
"54879","27213","27213","27213"
"55004","27275","27275","27275"
"55119","27332","27332","27332"
"55236","27390","27390","27390"
"55470","27506","27506","27506"
"55589","27565","27565","27565"
"55722","27631","27631","27631"
"56079","27809","27809","27809"
"56176","27857","27857","27857"
"56808","28170","28170","28170"
"56925","28228","28228","28228"
"57758","28641","28641","28641"
"57881","28702","28702","28702"
"57988","28755","28755","28755"
"58095","28808","28808","28808"
"58220","28870","28870","28870"
"58335","28927","28927","28927"
"58569","29043","29043","29043"
"58811","29163","29163","29163"
"59035","29274","29274","29274"
"59257","29384","29384","29384"
"59376","29443","29443","29443"
"59626","29567","29567","29567"
"59733","29620","29620","29620"
"59971","29738","29738","29738"
"60205","29854","29854","29854"
"60619","30059","30059","30059"
"60970","30233","30233","30233"
"61093","30294","30294","30294"
"61210","30352","30352","30352"
"61311","30402","30402","30402"
"61440","30466","30466","30466"
"61559","30525","30525","30525"
"61672","30581","30581","30581"
"61799","30644","30644","30644"
"61926","30707","30707","30707"
"62045","30766","30766","30766"
"62162","30824","30824","30824"
"62289","30887","30887","30887"
"62535","31009","31009","31009"
"62781","31131","31131","31131"
"62892","31186","31186","31186"
"63013","31246","31246","31246"
"63120","31299","31299","31299"
"63237","31357","31357","31357"
"63346","31411","31411","31411"
"63606","31540","31540","31540"
"63723","31598","31598","31598"
"63935","31703","31703","31703"
"64056","31763","31763","31763"
"64169","31819","31819","31819"
"64280","31874","31874","31874"
"64625","32045","32045","32045"
"64732","32098","32098","32098"
"64861","32162","32162","32162"
"64978","32220","32220","32220"
"65133","32297","32297","32297"
"65262","32361","32361","32361"
"65504","32481","32481","32481"
"65857","32656","32656","32656"
"65962","32708","32708","32708"
"66071","32762","32762","32762"
"66527","32988","32988","32988"
"66660","33054","33054","33054"
"66785","33116","33116","33116"
"67033","33239","33239","33239"
"67146","33295","33295","33295"
"67388","33415","33415","33415"
"67491","33466","33466","33466"
"67614","33527","33527","33527"
"67832","33635","33635","33635"
"67945","33691","33691","33691"
"68272","33853","33853","33853"
"68401","33917","33917","33917"
"68629","34030","34030","34030"
"68750","34090","34090","34090"
"68962","34195","34195","34195"
"69200","34313","34313","34313"
"69335","34380","34380","34380"
"69771","34596","34596","34596"
"69896","34658","34658","34658"
"70132","34775","34775","34775"
"70239","34828","34828","34828"
"70362","34889","34889","34889"
"70465","34940","34940","34940"
"70711","35062","35062","35062"
"70844","35128","35128","35128"
"70969","35190","35190","35190"
"71090","35250","35250","35250"
"71324","35366","35366","35366"
"71435","35421","35421","35421"
"71780","35592","35592","35592"
"71931","35667","35667","35667"
"72280","35840","35840","35840"
"72403","35901","35901","35901"
"72548","35973","35973","35973"
"72655","36026","36026","36026"
"72758","36077","36077","36077"
"72867","36131","36131","36131"
"72978","36186","36186","36186"
"73077","36235","36235","36235"
"73212","36302","36302","36302"
"73341","36366","36366","36366"
"73462","36426","36426","36426"
"73569","36479","36479","36479"
"73702","36545","36545","36545"
"73833","36610","36610","36610"
"74523","36952","36952","36952"
"74646","37013","37013","37013"
"74765","37072","37072","37072"
"74892","37135","37135","37135"
"75356","37365","37365","37365"
"75457","37415","37415","37415"
"75574","37473","37473","37473"
"75701","37536","37536","37536"
"75808","37589","37589","37589"
"75919","37644","37644","37644"
"76040","37704","37704","37704"
"76157","37762","37762","37762"
"76264","37815","37815","37815"
"76385","37875","37875","37875"
"76595","37979","37979","37979"
"76696","38029","38029","38029"
"76827","38094","38094","38094"
"76946","38153","38153","38153"
"77186","38272","38272","38272"
"77432","38394","38394","38394"
"77539","38447","38447","38447"
"77640","38497","38497","38497"
"77745","38549","38549","38549"
"78108","38729","38729","38729"
"78251","38800","38800","38800"
"78370","38859","38859","38859"
"78475","38911","38911","38911"
"78703","39024","39024","39024"
"78826","39085","39085","39085"
"78931","39137","39137","39137"
"79052","39197","39197","39197"
"79165","39253","39253","39253"
"79278","39309","39309","39309"
"79637","39487","39487","39487"
"79758","39547","39547","39547"
"79885","39610","39610","39610"
"80109","39721","39721","39721"
"80228","39780","39780","39780"
"80555","39942","39942","39942"
"80906","40116","40116","40116"
"81027","40176","40176","40176"
"81251","40287","40287","40287"
"81364","40343","40343","40343"
"81489","40405","40405","40405"
"81604","40462","40462","40462"
"81721","40520","40520","40520"
"81838","40578","40578","40578"
"81959","40638","40638","40638"
"82162","40739","40739","40739"
"82747","41029","41029","41029"
"82888","41099","41099","41099"
"83011","41160","41160","41160"
"83247","41277","41277","41277"
"83352","41329","41329","41329"
"83594","41449","41449","41449"
"83824","41563","41563","41563"
"84171","41735","41735","41735"
"84302","41800","41800","41800"
"84435","41866","41866","41866"
"84782","42038","42038","42038"
"84901","42097","42097","42097"
"85040","42166","42166","42166"
"85165","42228","42228","42228"
"85752","42519","42519","42519"
"85859","42572","42572","42572"
"85964","42624","42624","42624"
"86089","42686","42686","42686"
"86422","42851","42851","42851"
"86660","42969","42969","42969"
"87160","43217","43217","43217"
"87265","43269","43269","43269"
"87392","43332","43332","43332"
"87735","43502","43502","43502"
"87854","43561","43561","43561"
"87965","43616","43616","43616"
"88076","43671","43671","43671"
"88201","43733","43733","43733"
"88310","43787","43787","43787"
"88530","43896","43896","43896"
"88649","43955","43955","43955"
"88867","44063","44063","44063"
"88990","44124","44124","44124"
"89222","44239","44239","44239"
"89333","44294","44294","44294"
"89565","44409","44409","44409"
"89676","44464","44464","44464"
"89821","44536","44536","44536"
"89934","44592","44592","44592"
"90162","44705","44705","44705"
"90269","44758","44758","44758"
"90368","44807","44807","44807"
"90802","45022","45022","45022"
"90917","45079","45079","45079"
"91036","45138","45138","45138"
"91282","45260","45260","45260"
"91397","45317","45317","45317"
"91494","45365","45365","45365"
"91627","45431","45431","45431"
"91766","45500","45500","45500"
"91897","45565","45565","45565"
"92236","45733","45733","45733"
"92357","45793","45793","45793"
"92589","45908","45908","45908"
"92819","46022","46022","46022"
"92926","46075","46075","46075"
"93057","46140","46140","46140"
"93166","46194","46194","46194"
"93620","46419","46419","46419"
"93856","46536","46536","46536"
"94086","46650","46650","46650"
"94415","46813","46813","46813"
"94542","46876","46876","46876"
"94649","46929","46929","46929"
"94766","46987","46987","46987"
"95006","47106","47106","47106"
"95490","47346","47346","47346"
"95617","47409","47409","47409"
"95726","47463","47463","47463"
"95847","47523","47523","47523"
"95972","47585","47585","47585"
"96077","47637","47637","47637"
"96295","47745","47745","47745"
"96416","47805","47805","47805"
"96519","47856","47856","47856"
"96729","47960","47960","47960"
"96848","48019","48019","48019"
"97082","48135","48135","48135"
"97203","48195","48195","48195"
"97441","48313","48313","48313"
"97560","48372","48372","48372"
"97679","48431","48431","48431"
"97911","48546","48546","48546"
"98034","48607","48607","48607"
"98155","48667","48667","48667"
"98258","48718","48718","48718"
"98498","48837","48837","48837"
"98629","48902","48902","48902"
"98839","49006","49006","49006"
"98954","49063","49063","49063"
"99301","49235","49235","49235"
"99547","49357","49357","49357"
"99771","49468","49468","49468"
"99894","49529","49529","49529"
"100001","49582","49582","49582"
"100235","49698","49698","49698"
"100344","49752","49752","49752"
"100485","49822","49822","49822"
"100588","49873","49873","49873"
"100715","49936","49936","49936"
"100948","50051","50051","50051"
"101057","50105","50105","50105"
"101279","50215","50215","50215"
"101404","50277","50277","50277"
"102132","50638","50638","50638"
"102251","50697","50697","50697"
"102358","50750","50750","50750"
"102610","50875","50875","50875"
"102739","50939","50939","50939"
"102866","51002","51002","51002"
"102973","51055","51055","51055"
"103090","51113","51113","51113"
"103322","51228","51228","51228"
"103445","51289","51289","51289"
"103578","51355","51355","51355"
"103939","51534","51534","51534"
"104062","51595","51595","51595"
"104197","51662","51662","51662"
"104312","51719","51719","51719"
"104433","51779","51779","51779"
"104560","51842","51842","51842"
"104683","51903","51903","51903"
"104802","51962","51962","51962"
"105758","52436","52436","52436"
"105881","52497","52497","52497"
"106014","52563","52563","52563"
"106482","52795","52795","52795"
"106587","52847","52847","52847"
"106710","52908","52908","52908"
"106962","53033","53033","53033"
"107073","53088","53088","53088"
"107293","53197","53197","53197"
"107414","53257","53257","53257"
"107533","53316","53316","53316"
"107793","53445","53445","53445"
"108146","53620","53620","53620"
"108271","53682","53682","53682"
"108497","53794","53794","53794"
"108729","53909","53909","53909"
"108834","53961","53961","53961"
"108965","54026","54026","54026"
"109064","54075","54075","54075"
"109195","54140","54140","54140"
"109318","54201","54201","54201"
"109423","54253","54253","54253"
"109802","54441","54441","54441"
"109907","54493","54493","54493"
"110147","54612","54612","54612"
"110262","54669","54669","54669"
"110397","54736","54736","54736"
"110653","54863","54863","54863"
"111111","55090","55090","55090"
"111218","55143","55143","55143"
"111323","55195","55195","55195"
"111446","55256","55256","55256"
"111561","55313","55313","55313"
"111686","55375","55375","55375"
"112025","55543","55543","55543"
"112140","55600","55600","55600"
"112265","55662","55662","55662"
"112368","55713","55713","55713"
"112699","55877","55877","55877"
"113074","56063","56063","56063"
"113405","56227","56227","56227"
"113611","56329","56329","56329"
"113718","56382","56382","56382"
"113841","56443","56443","56443"
"113970","56507","56507","56507"
"114186","56614","56614","56614"
"114303","56672","56672","56672"
"114519","56779","56779","56779"
"114644","56841","56841","56841"
"115005","57020","57020","57020"
"115114","57074","57074","57074"
"115245","57139","57139","57139"
"115362","57197","57197","57197"
"115473","57252","57252","57252"
"115608","57319","57319","57319"
"115719","57374","57374","57374"
"116419","57721","57721","57721"
"116820","57921","57921","57921"
"117427","58222","58222","58222"
"117566","58291","58291","58291"
"117699","58357","58357","58357"
"117824","58419","58419","58419"
"118080","58546","58546","58546"
"118193","58602","58602","58602"
"118330","58670","58670","58670"
"118723","58865","58865","58865"
"118842","58924","58924","58924"
"118963","58984","58984","58984"
"119084","59044","59044","59044"
"119201","59102","59102","59102"
"119443","59222","59222","59222"
"119546","59273","59273","59273"
"119673","59336","59336","59336"
"119917","59457","59457","59457"
"120038","59517","59517","59517"
"120161","59578","59578","59578"
"120296","59645","59645","59645"
"120403","59698","59698","59698"
"120653","59822","59822","59822"
"121131","60059","60059","60059"
"121246","60116","60116","60116"
"121365","60175","60175","60175"
"121651","60317","60317","60317"
"121758","60370","60370","60370"
"121879","60430","60430","60430"
"121990","60485","60485","60485"
"122107","60543","60543","60543"
"122214","60596","60596","60596"
"122355","60666","60666","60666"
"122603","60789","60789","60789"
"122833","60903","60903","60903"
"123053","61012","61012","61012"
"123162","61066","61066","61066"
"123293","61131","61131","61131"
"123416","61192","61192","61192"
"123549","61258","61258","61258"
"123694","61330","61330","61330"
"123817","61391","61391","61391"
"123926","61445","61445","61445"
"124049","61506","61506","61506"
"124184","61573","61573","61573"
"124291","61626","61626","61626"
"124434","61697","61697","61697"
"124958","61958","61958","61958"
"125301","62128","62128","62128"
"125424","62189","62189","62189"
"125543","62248","62248","62248"
"125692","62322","62322","62322"
"125809","62380","62380","62380"
"126043","62496","62496","62496"
"126910","62926","62926","62926"
"127051","62996","62996","62996"
"127238","63089","63089","63089"
"127575","63256","63256","63256"
"127710","63323","63323","63323"
"127948","63441","63441","63441"
"128053","63493","63493","63493"
"128164","63548","63548","63548"
"128297","63614","63614","63614"
"128402","63666","63666","63666"
"128531","63730","63730","63730"
"128668","63798","63798","63798"
"128771","63849","63849","63849"
"128904","63915","63915","63915"
"129037","63981","63981","63981"
"129382","64152","64152","64152"
"129878","64398","64398","64398"
"130106","64511","64511","64511"
"130231","64573","64573","64573"
"130342","64628","64628","64628"
"130556","64734","64734","64734"
"130661","64786","64786","64786"
"130792","64851","64851","64851"
"131032","64970","64970","64970"
"131145","65026","65026","65026"
"131387","65146","65146","65146"
"131637","65270","65270","65270"
"131885","65393","65393","65393"
"132131","65515","65515","65515"
"132246","65572","65572","65572"
"132381","65639","65639","65639"
"132492","65694","65694","65694"
"132595","65745","65745","65745"
"132720","65807","65807","65807"
"132833","65863","65863","65863"
"132952","65922","65922","65922"
"133061","65976","65976","65976"
"133303","66096","66096","66096"
"133551","66219","66219","66219"
"133660","66273","66273","66273"
"134136","66509","66509","66509"
"134377","66629","66629","66629"
"134605","66742","66742","66742"
"134714","66796","66796","66796"
"135242","67058","67058","67058"
"135363","67118","67118","67118"
"135472","67172","67172","67172"
"135607","67239","67239","67239"
"135990","67429","67429","67429"
"136131","67499","67499","67499"
"136246","67556","67556","67556"
"136488","67676","67676","67676"
"136603","67733","67733","67733"
"136744","67803","67803","67803"
"136885","67873","67873","67873"
"137026","67943","67943","67943"
"137151","68005","68005","68005"
"137298","68078","68078","68078"
"137566","68211","68211","68211"
"137707","68281","68281","68281"
"137840","68347","68347","68347"
"137949","68401","68401","68401"
"138078","68465","68465","68465"
"138185","68518","68518","68518"
"138300","68575","68575","68575"
"138449","68649","68649","68649"
"138588","68718","68718","68718"
"138731","68789","68789","68789"
"138852","68849","68849","68849"
"139102","68973","68973","68973"
"139521","69181","69181","69181"
"139658","69249","69249","69249"
"139914","69376","69376","69376"
"140025","69431","69431","69431"
"140176","69506","69506","69506"
"140309","69572","69572","69572"
"140434","69634","69634","69634"
"140571","69702","69702","69702"
"140946","69888","69888","69888"
"141291","70059","70059","70059"
"141666","70245","70245","70245"
"141787","70305","70305","70305"
"141902","70362","70362","70362"
"142047","70434","70434","70434"
"142432","70625","70625","70625"
"142690","70753","70753","70753"
"142974","70894","70894","70894"
"143095","70954","70954","70954"
"143196","71004","71004","71004"
"143313","71062","71062","71062"
"143624","71217","71217","71217"
"143761","71285","71285","71285"
"143995","71401","71401","71401"
"144110","71458","71458","71458"
"144257","71531","71531","71531"
"144360","71582","71582","71582"
"144469","71636","71636","71636"
"144590","71696","71696","71696"
"144717","71759","71759","71759"
"144848","71824","71824","71824"
"145670","72233","72233","72233"
"145785","72290","72290","72290"
"146041","72417","72417","72417"
"146172","72482","72482","72482"
"146313","72552","72552","72552"
"146424","72607","72607","72607"
"147303","73044","73044","73044"
"147535","73159","73159","73159"
"147650","73216","73216","73216"
"147878","73329","73329","73329"
"148406","73592","73592","73592"
"148549","73663","73663","73663"
"148928","73851","73851","73851"
"149049","73911","73911","73911"
"149164","73968","73968","73968"
"149293","74032","74032","74032"
"149529","74149","74149","74149"
"149634","74201","74201","74201"
"149773","74270","74270","74270"
"149912","74339","74339","74339"
"150299","74531","74531","74531"
"150524","74643","74643","74643"
"150631","74696","74696","74696"
"150766","74763","74763","74763"
"151357","75056","75056","75056"
"151480","75117","75117","75117"
"151629","75191","75191","75191"
"151780","75266","75266","75266"
"151891","75321","75321","75321"
"152034","75392","75392","75392"
"152167","75458","75458","75458"
"152433","75590","75590","75590"
"152691","75718","75718","75718"
"153056","75899","75899","75899"
"153266","76003","76003","76003"
"153768","76252","76252","76252"
"153911","76323","76323","76323"
"154044","76389","76389","76389"
"154157","76445","76445","76445"
"154256","76494","76494","76494"
"154383","76557","76557","76557"
"154631","76680","76680","76680"
"154746","76737","76737","76737"
"154875","76801","76801","76801"
"155026","76876","76876","76876"
"155207","76966","76966","76966"
"155765","77244","77244","77244"
"155888","77305","77305","77305"
"156192","77456","77456","77456"
"156303","77511","77511","77511"
"156432","77575","77575","77575"
"156797","77756","77756","77756"
"157061","77887","77887","77887"
"157301","78006","78006","78006"
"157708","78208","78208","78208"
"157825","78266","78266","78266"
"157936","78321","78321","78321"
"158063","78384","78384","78384"
"158464","78584","78584","78584"
"158611","78657","78657","78657"
"158784","78743","78743","78743"
"159064","78882","78882","78882"
"159217","78958","78958","78958"
"159908","79302","79302","79302"
"160037","79366","79366","79366"
"160283","79488","79488","79488"
"160406","79549","79549","79549"
"160559","79625","79625","79625"
"160686","79688","79688","79688"
"161071","79880","79880","79880"
"161464","80075","80075","80075"
"161889","80286","80286","80286"
"162018","80350","80350","80350"
"162175","80428","80428","80428"
"162489","80584","80584","80584"
"162761","80719","80719","80719"
"162954","80815","80815","80815"
"163119","80897","80897","80897"
"163240","80957","80957","80957"
"163363","81018","81018","81018"
"163472","81072","81072","81072"
"163720","81195","81195","81195"
"163869","81269","81269","81269"
"163992","81330","81330","81330"
"164133","81400","81400","81400"
"164362","81514","81514","81514"
"164487","81576","81576","81576"
"164646","81655","81655","81655"
"164811","81737","81737","81737"
"164950","81806","81806","81806"
"165099","81880","81880","81880"
"165504","82081","82081","82081"
"165635","82146","82146","82146"
"165883","82269","82269","82269"
"166206","82430","82430","82430"
"166641","82646","82646","82646"
"167078","82863","82863","82863"
"167211","82929","82929","82929"
"167356","83001","83001","83001"
"167473","83059","83059","83059"
"167759","83201","83201","83201"
"167910","83276","83276","83276"
"168063","83352","83352","83352"
"168212","83426","83426","83426"
"168492","83565","83565","83565"
"168633","83635","83635","83635"
"168925","83780","83780","83780"
"169056","83845","83845","83845"
"169282","83957","83957","83957"
"169407","84019","84019","84019"
"169564","84097","84097","84097"
"169814","84221","84221","84221"
"170475","84550","84550","84550"
"170731","84677","84677","84677"
"170856","84739","84739","84739"
"171005","84813","84813","84813"
"171124","84872","84872","84872"
"171269","84944","84944","84944"
"172155","85385","85385","85385"
"172443","85528","85528","85528"
"172560","85586","85586","85586"
"172701","85656","85656","85656"
"172838","85724","85724","85724"
"173430","86019","86019","86019"
"173559","86083","86083","86083"
"173692","86149","86149","86149"
"173801","86203","86203","86203"
"174345","86474","86474","86474"
"174484","86543","86543","86543"
"174750","86675","86675","86675"
"174897","86748","86748","86748"
"175026","86812","86812","86812"
"175302","86949","86949","86949"
"175920","87256","87256","87256"
"176321","87455","87455","87455"
"176476","87532","87532","87532"
"176601","87594","87594","87594"
"176744","87665","87665","87665"
"177042","87813","87813","87813"
"177703","88142","88142","88142"
"177842","88211","88211","88211"
"178082","88330","88330","88330"
"178233","88405","88405","88405"
"178376","88476","88476","88476"
"178517","88546","88546","88546"
"178662","88618","88618","88618"
"178936","88754","88754","88754"
"179055","88813","88813","88813"
"179196","88883","88883","88883"
"180013","89289","89289","89289"
"180160","89362","89362","89362"
"180561","89562","89562","89562"
"181198","89879","89879","89879"
"181853","90204","90204","90204"
"181990","90272","90272","90272"
"182103","90328","90328","90328"
"182347","90449","90449","90449"
"182492","90521","90521","90521"
"182750","90649","90649","90649"
"182869","90708","90708","90708"
"183000","90773","90773","90773"
"183143","90844","90844","90844"
"183403","90973","90973","90973"
"183526","91034","91034","91034"
"183677","91109","91109","91109"
"183949","91244","91244","91244"
"184082","91310","91310","91310"
"184757","91646","91646","91646"
"184868","91701","91701","91701"
"185315","91923","91923","91923"
"185450","91990","91990","91990"
"185710","92119","92119","92119"
"186230","92378","92378","92378"
"186496","92510","92510","92510"
"186655","92589","92589","92589"
"186800","92661","92661","92661"
"186947","92734","92734","92734"
"187088","92804","92804","92804"
"187225","92872","92872","92872"
"187522","93020","93020","93020"
"187816","93166","93166","93166"
"188056","93285","93285","93285"
"188177","93345","93345","93345"
"188564","93537","93537","93537"
"189512","94009","94009","94009"
"189633","94069","94069","94069"
"189762","94133","94133","94133"
"189933","94218","94218","94218"
"190280","94391","94391","94391"
"190607","94554","94554","94554"
"190883","94691","94691","94691"
"191010","94754","94754","94754"
"191298","94897","94897","94897"
"191993","95243","95243","95243"
"192128","95310","95310","95310"
"192269","95380","95380","95380"
"192426","95458","95458","95458"
"192708","95598","95598","95598"
"193044","95765","95765","95765"
"193594","96038","96038","96038"
"193713","96097","96097","96097"
"193862","96171","96171","96171"
"194005","96242","96242","96242"
"194122","96300","96300","96300"
"194273","96375","96375","96375"
"194430","96453","96453","96453"
"194686","96580","96580","96580"
"194823","96648","96648","96648"
"195172","96822","96822","96822"
"195347","96909","96909","96909"
"195504","96987","96987","96987"
"195808","97138","97138","97138"
"195997","97232","97232","97232"
"196116","97291","97291","97291"
"196513","97488","97488","97488"
"196787","97624","97624","97624"
"196908","97684","97684","97684"
"197045","97752","97752","97752"
"197345","97901","97901","97901"
"197464","97960","97960","97960"
"197956","98205","98205","98205"
"198067","98260","98260","98260"
"198482","98466","98466","98466"
"198633","98541","98541","98541"
"198786","98617","98617","98617"
"198905","98676","98676","98676"
"199038","98742","98742","98742"
"199221","98833","98833","98833"
"199342","98893","98893","98893"
"199483","98963","98963","98963"
"199914","99177","99177","99177"
"200053","99246","99246","99246"
"200196","99317","99317","99317"
"200508","99472","99472","99472"
"200627","99531","99531","99531"
"201034","99733","99733","99733"
"201163","99797","99797","99797"
"201296","99863","99863","99863"
"201455","99942","99942","99942"
"201693","100060","100060","100060"
"201820","100123","100123","100123"
"202041","100233","100233","100233"
"202188","100306","100306","100306"
"202589","100506","100506","100506"
"202722","100572","100572","100572"
"202845","100633","100633","100633"
"203222","100820","100820","100820"
"203355","100886","100886","100886"
"203617","101016","101016","101016"
"204171","101291","101291","101291"
"204316","101363","101363","101363"
"204691","101549","101549","101549"
"204911","101658","101658","101658"
"205058","101731","101731","101731"
"205189","101796","101796","101796"
"205594","101997","101997","101997"
"205751","102075","102075","102075"
"205902","102150","102150","102150"
"206422","102409","102409","102409"
"206863","102628","102628","102628"
"206982","102687","102687","102687"
"207119","102755","102755","102755"
"207250","102820","102820","102820"
"207447","102918","102918","102918"
"207622","103005","103005","103005"
"207743","103065","103065","103065"
"207886","103136","103136","103136"
"208011","103198","103198","103198"
"208277","103330","103330","103330"
"208442","103412","103412","103412"
"208702","103541","103541","103541"
"208825","103602","103602","103602"
"209159","103768","103768","103768"
"209288","103832","103832","103832"
"209459","103917","103917","103917"
"209596","103985","103985","103985"
"209765","104069","104069","104069"
"209938","104155","104155","104155"
"210212","104291","104291","104291"
"210460","104414","104414","104414"
"210595","104481","104481","104481"
"211389","104876","104876","104876"
"211516","104939","104939","104939"
"211818","105089","105089","105089"
"212118","105238","105238","105238"
"212323","105340","105340","105340"
"212605","105480","105480","105480"
"212742","105548","105548","105548"
"212895","105624","105624","105624"
"213286","105818","105818","105818"
"213433","105891","105891","105891"
"214128","106237","106237","106237"
"214424","106384","106384","106384"
"214561","106452","106452","106452"
"214688","106515","106515","106515"
"214948","106644","106644","106644"
"215069","106704","106704","106704"
"215344","106841","106841","106841"
"215491","106914","106914","106914"
"215832","107084","107084","107084"
"216215","107274","107274","107274"
"216366","107349","107349","107349"
"216797","107563","107563","107563"
"216912","107620","107620","107620"
"217452","107889","107889","107889"
"217943","108133","108133","108133"
"218215","108268","108268","108268"
"218342","108331","108331","108331"
"218495","108407","108407","108407"
"218745","108531","108531","108531"
"218868","108592","108592","108592"
"219007","108661","108661","108661"
"219305","108809","108809","108809"
"219466","108889","108889","108889"
"219583","108947","108947","108947"
"219716","109013","109013","109013"
"220117","109213","109213","109213"
"220272","109290","109290","109290"
"220703","109504","109504","109504"
"220868","109586","109586","109586"
"220993","109648","109648","109648"
"221124","109713","109713","109713"
"221265","109783","109783","109783"
"221386","109843","109843","109843"
"222102","110199","110199","110199"
"222529","110411","110411","110411"
"222650","110471","110471","110471"
"222897","110594","110594","110594"
"223056","110673","110673","110673"
"223231","110760","110760","110760"
"223521","110904","110904","110904"
"223660","110973","110973","110973"
"223799","111042","111042","111042"
"223944","111114","111114","111114"
"224105","111194","111194","111194"
"224391","111336","111336","111336"
"224643","111461","111461","111461"
"225191","111733","111733","111733"
"225316","111795","111795","111795"
"225465","111869","111869","111869"
"225721","111996","111996","111996"
"225991","112130","112130","112130"
"226154","112211","112211","112211"
"226281","112274","112274","112274"
"226752","112508","112508","112508"
"227447","112854","112854","112854"
"227568","112914","112914","112914"
"227679","112969","112969","112969"
"227808","113033","113033","113033"
"227949","113103","113103","113103"
"228259","113257","113257","113257"
"228386","113320","113320","113320"
"228517","113385","113385","113385"
"229093","113671","113671","113671"
"229429","113838","113838","113838"
"229572","113909","113909","113909"
"229687","113966","113966","113966"
"229838","114041","114041","114041"
"230001","114122","114122","114122"
"230251","114246","114246","114246"
"230386","114313","114313","114313"
"230557","114398","114398","114398"
"230694","114466","114466","114466"
"230821","114529","114529","114529"
"231059","114647","114647","114647"
"231190","114712","114712","114712"
"231313","114773","114773","114773"
"231770","115000","115000","115000"
"231909","115069","115069","115069"
"232058","115143","115143","115143"
"232199","115213","115213","115213"
"232330","115278","115278","115278"
"232465","115345","115345","115345"
"232592","115408","115408","115408"
"232745","115484","115484","115484"
"233158","115689","115689","115689"
"233327","115773","115773","115773"
"233474","115846","115846","115846"
"233971","116093","116093","116093"
"234261","116237","116237","116237"
"234406","116309","116309","116309"
"234569","116390","116390","116390"
"234740","116475","116475","116475"
"234887","116548","116548","116548"
"235044","116626","116626","116626"
"235195","116701","116701","116701"
"235479","116842","116842","116842"
"235596","116900","116900","116900"
"235729","116966","116966","116966"
"235862","117032","117032","117032"
"236172","117186","117186","117186"
"236305","117252","117252","117252"
"236452","117325","117325","117325"
"237171","117682","117682","117682"
"237320","117756","117756","117756"
"237451","117821","117821","117821"
"237759","117974","117974","117974"
"237896","118042","118042","118042"
"238023","118105","118105","118105"
"238295","118240","118240","118240"
"238426","118305","118305","118305"
"238557","118370","118370","118370"
"238714","118448","118448","118448"
"238873","118527","118527","118527"
"239022","118601","118601","118601"
"239276","118727","118727","118727"
"239894","119034","119034","119034"
"240311","119241","119241","119241"
"240456","119313","119313","119313"
"240857","119513","119513","119513"
"240998","119583","119583","119583"
"241683","119923","119923","119923"
"241824","119993","119993","119993"
"242238","120199","120199","120199"
"242395","120277","120277","120277"
"242659","120408","120408","120408"
"242947","120551","120551","120551"
"243072","120613","120613","120613"
"243475","120813","120813","120813"
"243735","120942","120942","120942"
"243864","121006","121006","121006"
"244138","121142","121142","121142"
"244261","121203","121203","121203"
"244410","121277","121277","121277"
"244547","121345","121345","121345"
"244674","121408","121408","121408"
"244966","121553","121553","121553"
"245095","121617","121617","121617"
"245673","121904","121904","121904"
"246002","122068","122068","122068"
"246137","122135","122135","122135"
"246428","122280","122280","122280"
"246833","122481","122481","122481"
"247268","122697","122697","122697"
"247775","122949","122949","122949"
"248033","123077","123077","123077"
"248492","123305","123305","123305"
"248623","123370","123370","123370"
"248750","123433","123433","123433"
"249149","123631","123631","123631"
"249550","123831","123831","123831"
"249683","123897","123897","123897"
"249814","123962","123962","123962"
"250086","124097","124097","124097"
"250225","124166","124166","124166"
"250567","124336","124336","124336"
"250732","124418","124418","124418"
"251135","124618","124618","124618"
"251276","124688","124688","124688"
"251431","124765","124765","124765"
"251721","124909","124909","124909"
"252001","125048","125048","125048"
"252142","125118","125118","125118"
"252271","125182","125182","125182"
"252418","125255","125255","125255"
"252800","125445","125445","125445"
"252953","125521","125521","125521"
"253076","125582","125582","125582"
"253628","125856","125856","125856"
"253767","125925","125925","125925"
"253958","126020","126020","126020"
"254216","126148","126148","126148"
"254375","126227","126227","126227"
"254498","126288","126288","126288"
"254641","126359","126359","126359"
"254786","126431","126431","126431"
"255090","126582","126582","126582"
"255491","126782","126782","126782"
"255620","126846","126846","126846"
"255747","126909","126909","126909"
"256148","127109","127109","127109"
"256265","127167","127167","127167"
"256666","127367","127367","127367"
"256815","127441","127441","127441"
"256948","127507","127507","127507"
"257095","127580","127580","127580"
"257256","127660","127660","127660"
"257395","127729","127729","127729"
"257796","127929","127929","127929"
"258120","128090","128090","128090"
"258265","128162","128162","128162"
"258567","128312","128312","128312"
"258698","128377","128377","128377"
"259302","128677","128677","128677"
"259556","128803","128803","128803"
"259695","128872","128872","128872"
"259850","128949","128949","128949"
"260277","129161","129161","129161"
"260426","129235","129235","129235"
"260729","129386","129386","129386"
"260902","129472","129472","129472"
"261055","129548","129548","129548"
"261345","129692","129692","129692"
"261816","129926","129926","129926"
"261949","129992","129992","129992"
"262141","130087","130087","130087"
"262397","130214","130214","130214"
"262596","130313","130313","130313"
"262741","130385","130385","130385"
"262916","130472","130472","130472"
"263047","130537","130537","130537"
"263218","130622","130622","130622"
"263544","130784","130784","130784"
"263665","130844","130844","130844"
"264136","131078","131078","131078"
"264259","131139","131139","131139"
"264680","131348","131348","131348"
"264883","131449","131449","131449"
"264992","131503","131503","131503"
"265284","131648","131648","131648"
"265415","131713","131713","131713"
"265570","131790","131790","131790"
"265723","131866","131866","131866"
"265862","131935","131935","131935"
"266265","132135","132135","132135"
"266422","132213","132213","132213"
"266601","132302","132302","132302"
"266758","132380","132380","132380"
"267608","132803","132803","132803"
"268009","133003","133003","133003"
"268289","133142","133142","133142"
"268422","133208","133208","133208"
"268589","133291","133291","133291"
"268718","133355","133355","133355"
"269008","133499","133499","133499"
"269266","133627","133627","133627"
"269520","133753","133753","133753"
"269679","133832","133832","133832"
"269812","133898","133898","133898"
"269973","133978","133978","133978"
"270219","134100","134100","134100"
"270733","134356","134356","134356"
"270997","134487","134487","134487"
"271126","134551","134551","134551"
"271265","134620","134620","134620"
"271406","134690","134690","134690"
"271863","134917","134917","134917"
"272405","135186","135186","135186"
"272679","135322","135322","135322"
"272967","135465","135465","135465"
"273100","135531","135531","135531"
"273237","135599","135599","135599"
"273497","135728","135728","135728"
"273632","135795","135795","135795"
"273900","135928","135928","135928"
"274190","136072","136072","136072"
"274311","136132","136132","136132"
"274722","136336","136336","136336"
"275179","136563","136563","136563"
"275326","136636","136636","136636"
"275493","136719","136719","136719"
"275612","136778","136778","136778"
"275777","136860","136860","136860"
"276178","137060","137060","137060"
"276472","137206","137206","137206"
"276820","137379","137379","137379"
"277094","137515","137515","137515"
"277340","137637","137637","137637"
"277477","137705","137705","137705"
"277618","137775","137775","137775"
"277775","137853","137853","137853"
"278023","137976","137976","137976"
"278174","138051","138051","138051"
"278575","138251","138251","138251"
"278720","138323","138323","138323"
"278855","138390","138390","138390"
"278996","138460","138460","138460"
"279415","138668","138668","138668"
"279568","138744","138744","138744"
"280134","139026","139026","139026"
"280297","139107","139107","139107"
"280456","139186","139186","139186"
"280589","139252","139252","139252"
"280736","139325","139325","139325"
"280903","139408","139408","139408"
"281209","139560","139560","139560"
"281348","139629","139629","139629"
"281582","139745","139745","139745"
"281719","139813","139813","139813"
"281858","139882","139882","139882"
"282011","139958","139958","139958"
"282265","140084","140084","140084"
"282666","140284","140284","140284"
"282974","140437","140437","140437"
"283300","140599","140599","140599"
"283588","140742","140742","140742"
"284154","141023","141023","141023"
"284597","141243","141243","141243"
"284738","141313","141313","141313"
"284859","141373","141373","141373"
"285129","141507","141507","141507"
"285244","141564","141564","141564"
"285373","141628","141628","141628"
"285734","141808","141808","141808"
"286135","142008","142008","142008"
"286737","142308","142308","142308"
"286884","142381","142381","142381"
"287045","142461","142461","142461"
"287170","142523","142523","142523"
"287885","142878","142878","142878"
"288030","142950","142950","142950"
"288340","143104","143104","143104"
"288491","143179","143179","143179"
"288660","143263","143263","143263"
"288779","143322","143322","143322"
"288922","143393","143393","143393"
"289059","143461","143461","143461"
"289792","143825","143825","143825"
"289965","143911","143911","143911"
"290078","143967","143967","143967"
"290217","144036","144036","144036"
"290356","144105","144105","144105"
"290485","144169","144169","144169"
"290757","144304","144304","144304"
"291186","144517","144517","144517"
"291369","144608","144608","144608"
"291488","144667","144667","144667"
"291619","144732","144732","144732"
"291760","144802","144802","144802"
"291885","144864","144864","144864"
"292018","144930","144930","144930"
"292145","144993","144993","144993"
"292302","145071","145071","145071"
"292429","145134","145134","145134"
"292723","145280","145280","145280"
"293065","145450","145450","145450"
"293460","145647","145647","145647"
"293639","145736","145736","145736"
"294070","145950","145950","145950"
"294213","146021","146021","146021"
"294348","146088","146088","146088"
"294537","146182","146182","146182"
"294821","146323","146323","146323"
"294970","146397","146397","146397"
"295087","146455","146455","146455"
"295250","146536","146536","146536"
"295385","146603","146603","146603"
"295522","146671","146671","146671"
"295655","146737","146737","146737"
"295794","146806","146806","146806"
"296056","146936","146936","146936"
"296215","147015","147015","147015"
"296612","147212","147212","147212"
"297142","147476","147476","147476"
"297269","147539","147539","147539"
"297426","147617","147617","147617"
"297686","147746","147746","147746"
"297839","147822","147822","147822"
"298391","148097","148097","148097"
"298792","148297","148297","148297"
"298919","148360","148360","148360"
"299336","148567","148567","148567"
"299447","148622","148622","148622"
"299705","148750","148750","148750"
"299860","148827","148827","148827"
"300031","148912","148912","148912"
"300172","148982","148982","148982"
"300321","149056","149056","149056"
"300456","149123","149123","149123"
"300597","149193","149193","149193"
"300978","149382","149382","149382"
"301389","149586","149586","149586"
"301524","149653","149653","149653"
"302050","149915","149915","149915"
"302185","149982","149982","149982"
"302355","150066","150066","150066"
"302496","150136","150136","150136"
"302635","150205","150205","150205"
"302879","150326","150326","150326"
"303004","150388","150388","150388"
"303129","150450","150450","150450"
"303264","150517","150517","150517"
"303530","150649","150649","150649"
"303719","150743","150743","150743"
"304047","150906","150906","150906"
"304192","150978","150978","150978"
"304345","151054","151054","151054"
"304482","151122","151122","151122"
"304921","151340","151340","151340"
"305122","151440","151440","151440"
"305261","151509","151509","151509"
"305513","151634","151634","151634"
"305749","151751","151751","151751"
"306152","151951","151951","151951"
"306271","152010","152010","152010"
"306702","152224","152224","152224"
"306809","152277","152277","152277"
"307470","152606","152606","152606"
"307585","152663","152663","152663"
"307750","152745","152745","152745"
"308038","152888","152888","152888"
"308296","153016","153016","153016"
"308397","153066","153066","153066"
"308530","153132","153132","153132"
"308673","153203","153203","153203"
"308808","153270","153270","153270"
"309060","153395","153395","153395"
"309191","153460","153460","153460"
"309334","153531","153531","153531"
"309469","153598","153598","153598"
"309600","153663","153663","153663"
"310128","153926","153926","153926"
"310265","153994","153994","153994"
"310426","154074","154074","154074"
"310543","154132","154132","154132"
"310829","154274","154274","154274"
"311206","154461","154461","154461"
"311446","154580","154580","154580"
"311633","154673","154673","154673"
"311758","154735","154735","154735"
"311913","154812","154812","154812"
"312433","155070","155070","155070"
"312568","155137","155137","155137"
"312697","155201","155201","155201"
"312967","155335","155335","155335"
"313106","155404","155404","155404"
"313348","155524","155524","155524"
"313614","155656","155656","155656"
"314051","155873","155873","155873"
"314192","155943","155943","155943"
"314301","155997","155997","155997"
"314573","156132","156132","156132"
"315103","156396","156396","156396"
"315222","156455","156455","156455"
"315598","156642","156642","156642"
"315999","156842","156842","156842"
"316120","156902","156902","156902"
"316384","157033","157033","157033"
"316547","157114","157114","157114"
"317002","157340","157340","157340"
"317189","157433","157433","157433"
"317427","157551","157551","157551"
"317741","157707","157707","157707"
"317890","157781","157781","157781"
"318122","157896","157896","157896"
"318553","158110","158110","158110"
"318668","158167","158167","158167"
"318880","158272","158272","158272"
"319033","158348","158348","158348"
"319321","158491","158491","158491"
"319456","158558","158558","158558"
"319583","158621","158621","158621"
"319712","158685","158685","158685"
"320244","158949","158949","158949"
"320498","159075","159075","159075"
"320899","159275","159275","159275"
"321046","159348","159348","159348"
"321239","159444","159444","159444"
"321428","159538","159538","159538"
"321551","159599","159599","159599"
"321807","159726","159726","159726"
"321934","159789","159789","159789"
"322065","159854","159854","159854"
"322208","159925","159925","159925"
"322335","159988","159988","159988"
"322755","160196","160196","160196"
"322912","160274","160274","160274"
"323049","160342","160342","160342"
"323325","160479","160479","160479"
"323470","160551","160551","160551"
"324405","161016","161016","161016"
"324570","161098","161098","161098"
"324697","161161","161161","161161"
"324812","161218","161218","161218"
"325056","161339","161339","161339"
"325191","161406","161406","161406"
"325332","161476","161476","161476"
"325614","161616","161616","161616"
"325741","161679","161679","161679"
"326271","161943","161943","161943"
"326539","162076","162076","162076"
"326692","162152","162152","162152"
"326974","162292","162292","162292"
"327091","162350","162350","162350"
"327240","162424","162424","162424"
"327375","162491","162491","162491"
"327663","162634","162634","162634"
"327786","162695","162695","162695"
"327907","162755","162755","162755"
"328257","162929","162929","162929"
"328364","162982","162982","162982"
"328495","163047","163047","163047"
"328902","163249","163249","163249"
"329039","163317","163317","163317"
"329319","163456","163456","163456"
"329460","163526","163526","163526"
"329621","163606","163606","163606"
"329760","163675","163675","163675"
"330034","163811","163811","163811"
"330159","163873","163873","163873"
"330298","163942","163942","163942"
"330417","164001","164001","164001"
"330838","164210","164210","164210"
"330975","164278","164278","164278"
"331116","164348","164348","164348"
"331245","164412","164412","164412"
"331412","164495","164495","164495"
"331696","164636","164636","164636"
"331946","164760","164760","164760"
"332075","164824","164824","164824"
"333026","165297","165297","165297"
"333298","165432","165432","165432"
"333449","165507","165507","165507"
"333580","165572","165572","165572"
"333818","165690","165690","165690"
"333973","165767","165767","165767"
"334138","165849","165849","165849"
"334434","165996","165996","165996"
"334569","166063","166063","166063"
"334696","166126","166126","166126"
"334857","166206","166206","166206"
"334990","166272","166272","166272"
"335171","166362","166362","166362"
"335324","166438","166438","166438"
"336273","166910","166910","166910"
"336410","166978","166978","166978"
"336525","167035","167035","167035"
"336819","167181","167181","167181"
"337107","167324","167324","167324"
"337242","167391","167391","167391"
"337373","167456","167456","167456"
"337502","167520","167520","167520"
"337639","167588","167588","167588"
"337766","167651","167651","167651"
"337891","167713","167713","167713"
"338034","167784","167784","167784"
"338175","167854","167854","167854"
"338296","167914","167914","167914"
"338544","168037","168037","168037"
"338659","168094","168094","168094"
"339062","168294","168294","168294"
"339175","168350","168350","168350"
"339318","168421","168421","168421"
"339481","168502","168502","168502"
"339856","168688","168688","168688"
"340009","168764","168764","168764"
"340384","168950","168950","168950"
"340928","169221","169221","169221"
"341087","169300","169300","169300"
"341218","169365","169365","169365"
"341518","169514","169514","169514"
"341633","169571","169571","169571"
"341859","169683","169683","169683"
"342393","169948","169948","169948"
"342786","170143","170143","170143"
"343187","170343","170343","170343"
"343338","170418","170418","170418"
"343485","170491","170491","170491"
"343678","170587","170587","170587"
"343829","170662","170662","170662"
"343962","170728","170728","170728"
"344079","170786","170786","170786"
"344208","170850","170850","170850"
"344339","170915","170915","170915"
"344593","171041","171041","171041"
"344702","171095","171095","171095"
"344815","171151","171151","171151"
"344936","171211","171211","171211"
"345216","171350","171350","171350"
"345657","171569","171569","171569"
"345784","171632","171632","171632"
"346068","171773","171773","171773"
"346219","171848","171848","171848"
"346340","171908","171908","171908"
"346485","171980","171980","171980"
"346614","172044","172044","172044"
"346937","172205","172205","172205"
"347183","172327","172327","172327"
"347324","172397","172397","172397"
"347455","172462","172462","172462"
"347687","172577","172577","172577"
"347826","172646","172646","172646"
"347947","172706","172706","172706"
"348088","172776","172776","172776"
"348225","172844","172844","172844"
"348342","172902","172902","172902"
"348479","172970","172970","172970"
"348618","173039","173039","173039"
"348749","173104","173104","173104"
"348900","173179","173179","173179"
"349456","173456","173456","173456"
"349593","173524","173524","173524"
"349994","173724","173724","173724"
"350127","173790","173790","173790"
"350260","173856","173856","173856"
"350381","173916","173916","173916"
"350522","173986","173986","173986"
"350969","174208","174208","174208"
"351110","174278","174278","174278"
"351281","174363","174363","174363"
"351394","174419","174419","174419"
"351509","174476","174476","174476"
"351648","174545","174545","174545"
"351787","174614","174614","174614"
"352055","174747","174747","174747"
"352456","174947","174947","174947"
"352573","175005","175005","175005"
"352851","175143","175143","175143"
"353018","175226","175226","175226"
"353137","175285","175285","175285"
"353389","175410","175410","175410"
"353665","175547","175547","175547"
"353951","175689","175689","175689"
"354352","175889","175889","175889"
"354503","175964","175964","175964"
"354614","176019","176019","176019"
"354759","176091","176091","176091"
"355120","176271","176271","176271"
"355634","176527","176527","176527"
"356035","176727","176727","176727"
"356150","176784","176784","176784"
"356263","176840","176840","176840"
"356551","176983","176983","176983"
"356825","177119","177119","177119"
"356948","177180","177180","177180"
"357111","177261","177261","177261"
"357393","177401","177401","177401"
"357782","177595","177595","177595"
"358183","177795","177795","177795"
"358330","177868","177868","177868"
"358481","177943","177943","177943"
"358602","178003","178003","178003"
"358870","178136","178136","178136"
"359051","178226","178226","178226"
"359186","178293","178293","178293"
"359343","178371","178371","178371"
"360048","178721","178721","178721"
"360183","178788","178788","178788"
"360924","179156","179156","179156"
"361103","179245","179245","179245"
"361240","179313","179313","179313"
"361369","179377","179377","179377"
"361498","179441","179441","179441"
"361621","179502","179502","179502"
"361955","179668","179668","179668"
"362356","179868","179868","179868"
"362495","179937","179937","179937"
"362902","180139","180139","180139"
"363692","180533","180533","180533"
"363843","180608","180608","180608"
"364277","180824","180824","180824"
"364416","180893","180893","180893"
"364817","181093","181093","181093"
"365351","181359","181359","181359"
"365889","181627","181627","181627"
"366044","181704","181704","181704"
"366187","181775","181775","181775"
"366320","181841","181841","181841"
"366705","182033","182033","182033"
"367347","182353","182353","182353"
"367748","182553","182553","182553"
"368057","182707","182707","182707"
"368204","182780","182780","182780"
"368345","182850","182850","182850"
"369185","183268","183268","183268"
"369324","183337","183337","183337"
"369437","183393","183393","183393"
"369993","183670","183670","183670"
"370138","183742","183742","183742"
"370680","184012","184012","184012"
"370839","184091","184091","184091"
"371117","184229","184229","184229"
"371234","184287","184287","184287"
"371381","184360","184360","184360"
"371714","184526","184526","184526"
"372242","184789","184789","184789"
"372371","184853","184853","184853"
"373641","185485","185485","185485"
"373770","185549","185549","185549"
"373961","185644","185644","185644"
"374350","185838","185838","185838"
"374634","185979","185979","185979"
"375072","186197","186197","186197"
"375225","186273","186273","186273"
"375370","186345","186345","186345"
"375725","186522","186522","186522"
"375896","186607","186607","186607"
"376297","186807","186807","186807"
"376420","186868","186868","186868"
"376821","187068","187068","187068"
"376996","187155","187155","187155"
"377211","187262","187262","187262"
"377461","187386","187386","187386"
"377592","187451","187451","187451"
"377745","187527","187527","187527"
"377878","187593","187593","187593"
"378279","187793","187793","187793"
"378406","187856","187856","187856"
"378527","187916","187916","187916"
"378644","187974","187974","187974"
"378795","188049","188049","188049"
"379385","188343","188343","188343"
"379786","188543","188543","188543"
"379931","188615","188615","188615"
"380331","188814","188814","188814"
"380488","188892","188892","188892"
"380617","188956","188956","188956"
"380750","189022","189022","189022"
"380877","189085","189085","189085"
"381022","189157","189157","189157"
"381423","189357","189357","189357"
"381864","189576","189576","189576"
"381991","189639","189639","189639"
"382130","189708","189708","189708"
"382610","189947","189947","189947"
"382910","190096","190096","190096"
"383037","190159","190159","190159"
"383148","190214","190214","190214"
"383311","190295","190295","190295"
"383426","190352","190352","190352"
"383730","190503","190503","190503"
"384147","190710","190710","190710"
"384548","190910","190910","190910"
"384805","191038","191038","191038"
"385240","191254","191254","191254"
"385530","191398","191398","191398"
"386066","191664","191664","191664"
"386472","191866","191866","191866"
"386641","191950","191950","191950"
"386975","192116","192116","192116"
"387096","192176","192176","192176"
"387235","192245","192245","192245"
"387519","192386","192386","192386"
"387656","192454","192454","192454"
"387785","192518","192518","192518"
"387956","192603","192603","192603"
"388448","192848","192848","192848"
"388581","192914","192914","192914"
"388986","193115","193115","193115"
"389125","193184","193184","193184"
"389429","193335","193335","193335"
"389765","193502","193502","193502"
"390086","193662","193662","193662"
"390229","193733","193733","193733"
"390374","193805","193805","193805"
"390731","193983","193983","193983"
"390908","194071","194071","194071"
"391083","194158","194158","194158"
"391228","194230","194230","194230"
"391375","194303","194303","194303"
"391492","194361","194361","194361"
"391619","194424","194424","194424"
"392012","194619","194619","194619"
"392179","194702","194702","194702"
"392304","194764","194764","194764"
"392425","194824","194824","194824"
"392887","195054","195054","195054"
"393000","195110","195110","195110"
"393143","195181","195181","195181"
"393649","195432","195432","195432"
"394169","195691","195691","195691"
"394302","195757","195757","195757"
"394554","195882","195882","195882"
"394955","196082","196082","196082"
"395078","196143","196143","196143"
"395209","196208","196208","196208"
"395370","196288","196288","196288"
"395525","196365","196365","196365"
"395664","196434","196434","196434"
"396042","196622","196622","196622"
"396477","196838","196838","196838"
"396594","196896","196896","196896"
"396731","196964","196964","196964"
"397285","197239","197239","197239"
"397655","197423","197423","197423"
"397949","197569","197569","197569"
"398092","197640","197640","197640"
"398485","197835","197835","197835"
"398624","197904","197904","197904"
"398859","198021","198021","198021"
"398992","198087","198087","198087"
"399121","198151","198151","198151"
"399292","198236","198236","198236"
"399421","198300","198300","198300"
"400084","198630","198630","198630"
"400203","198689","198689","198689"
"400502","198838","198838","198838"
"400663","198918","198918","198918"
"400814","198993","198993","198993"
"401094","199132","199132","199132"
"401229","199199","199199","199199"
"401364","199266","199266","199266"
"401690","199428","199428","199428"
"401831","199498","199498","199498"
"401996","199580","199580","199580"
"402139","199651","199651","199651"
"402547","199854","199854","199854"
"403261","200208","200208","200208"
"403420","200287","200287","200287"
"403839","200495","200495","200495"
"404240","200695","200695","200695"
"404361","200755","200755","200755"
"404646","200897","200897","200897"
"405448","201295","201295","201295"
"405575","201358","201358","201358"
"406059","201599","201599","201599"
"406339","201738","201738","201738"
"406914","202024","202024","202024"
"407045","202089","202089","202089"
"407198","202165","202165","202165"
"407373","202252","202252","202252"
"407532","202331","202331","202331"
"407822","202475","202475","202475"
"407963","202545","202545","202545"
"408104","202615","202615","202615"
"408251","202688","202688","202688"
"408368","202746","202746","202746"
"408523","202823","202823","202823"
"408924","203023","203023","203023"
"409186","203153","203153","203153"
"409369","203244","203244","203244"
"409568","203343","203343","203343"
"409741","203429","203429","203429"
"410539","203826","203826","203826"
"410666","203889","203889","203889"
"411206","204158","204158","204158"
"411321","204215","204215","204215"
"411558","204333","204333","204333"
"411689","204398","204398","204398"
"412087","204596","204596","204596"
"412234","204669","204669","204669"
"412488","204795","204795","204795"
"412982","205041","205041","205041"
"413181","205140","205140","205140"
"413552","205325","205325","205325"
"413709","205403","205403","205403"
"414120","205607","205607","205607"
"414257","205675","205675","205675"
"414394","205743","205743","205743"
"414567","205829","205829","205829"
"414732","205911","205911","205911"
"414883","205986","205986","205986"
"415022","206055","206055","206055"
"415157","206122","206122","206122"
"415288","206187","206187","206187"
"415437","206261","206261","206261"
"415560","206322","206322","206322"
"415883","206483","206483","206483"
"416108","206595","206595","206595"
"416249","206665","206665","206665"
"416418","206749","206749","206749"
"416539","206809","206809","206809"
"416918","206998","206998","206998"
"417039","207058","207058","207058"
"417200","207138","207138","207138"
"417349","207212","207212","207212"
"418411","207741","207741","207741"
"418705","207887","207887","207887"
"418862","207965","207965","207965"
"418989","208028","208028","208028"
"419128","208097","208097","208097"
"419277","208171","208171","208171"
"419390","208227","208227","208227"
"419557","208310","208310","208310"
"419694","208378","208378","208378"
"419970","208515","208515","208515"
"420119","208589","208589","208589"
"420260","208659","208659","208659"
"420515","208786","208786","208786"
"420913","208984","208984","208984"
"421404","209228","209228","209228"
"421557","209304","209304","209304"
"421716","209383","209383","209383"
"421829","209439","209439","209439"
"421942","209495","209495","209495"
"422063","209555","209555","209555"
"422464","209755","209755","209755"
"422591","209818","209818","209818"
"422718","209881","209881","209881"
"422873","209958","209958","209958"
"423095","210068","210068","210068"
"423224","210132","210132","210132"
"423443","210241","210241","210241"
"423844","210441","210441","210441"
"424130","210583","210583","210583"
"424521","210777","210777","210777"
"424789","210910","210910","210910"
"424932","210981","210981","210981"
"425192","211110","211110","211110"
"425303","211165","211165","211165"
"425464","211245","211245","211245"
"425585","211305","211305","211305"
"425756","211390","211390","211390"
"426028","211525","211525","211525"
"426145","211583","211583","211583"
"426312","211666","211666","211666"
"426548","211783","211783","211783"
"427086","212051","212051","212051"
"427217","212116","212116","212116"
"427400","212207","212207","212207"
"427716","212364","212364","212364"
"428004","212507","212507","212507"
"428248","212628","212628","212628"
"428375","212691","212691","212691"
"428776","212891","212891","212891"
"428925","212965","212965","212965"
"429056","213030","213030","213030"
"429213","213108","213108","213108"
"429326","213164","213164","213164"
"429433","213217","213217","213217"
"429552","213276","213276","213276"
"429685","213342","213342","213342"
"429822","213410","213410","213410"
"430223","213610","213610","213610"
"430350","213673","213673","213673"
"430461","213728","213728","213728"
"430717","213855","213855","213855"
"430975","213983","213983","213983"
"431241","214115","214115","214115"
"431523","214255","214255","214255"
"431672","214329","214329","214329"
"432067","214525","214525","214525"
"432359","214670","214670","214670"
"432518","214749","214749","214749"
"432818","214898","214898","214898"
"432963","214970","214970","214970"
"433082","215029","215029","215029"
"433460","215217","215217","215217"
"433605","215289","215289","215289"
"433994","215482","215482","215482"
"434159","215564","215564","215564"
"434425","215696","215696","215696"
"434546","215756","215756","215756"
"435070","216017","216017","216017"
"435695","216328","216328","216328"
"435945","216452","216452","216452"
"436346","216652","216652","216652"
"436479","216718","216718","216718"
"436618","216787","216787","216787"
"436910","216932","216932","216932"
"437083","217018","217018","217018"
"437428","217190","217190","217190"
"437653","217302","217302","217302"
"438147","217548","217548","217548"
"438304","217626","217626","217626"
"438471","217709","217709","217709"
"438600","217773","217773","217773"
"439124","218034","218034","218034"
"439442","218192","218192","218192"
"439940","218440","218440","218440"
"440069","218504","218504","218504"
"440596","218766","218766","218766"
"441273","219103","219103","219103"
"441674","219303","219303","219303"
"441787","219359","219359","219359"
"441942","219436","219436","219436"
"442073","219501","219501","219501"
"442875","219901","219901","219901"
"443226","220075","220075","220075"
"443415","220169","220169","220169"
"443572","220247","220247","220247"
"443719","220320","220320","220320"
"443994","220457","220457","220457"
"444107","220513","220513","220513"
"444392","220655","220655","220655"
"444549","220733","220733","220733"
"444684","220800","220800","220800"
"444801","220858","220858","220858"
"445129","221021","221021","221021"
"445387","221149","221149","221149"
"445788","221349","221349","221349"
"446050","221479","221479","221479"
"446305","221606","221606","221606"
"446454","221680","221680","221680"
"446773","221839","221839","221839"
"446894","221899","221899","221899"
"447753","222327","222327","222327"
"448154","222527","222527","222527"
"448323","222611","222611","222611"
"448466","222682","222682","222682"
"448867","222882","222882","222882"
"449016","222956","222956","222956"
"449975","223434","223434","223434"
"450104","223498","223498","223498"
"450295","223593","223593","223593"
"451806","224345","224345","224345"
"452133","224508","224508","224508"
"452478","224680","224680","224680"
"452855","224867","224867","224867"
"452994","224936","224936","224936"
"453131","225004","225004","225004"
"453951","225411","225411","225411"
"454170","225520","225520","225520"
"454448","225658","225658","225658"
"454896","225881","225881","225881"
"455284","226074","226074","226074"
"455838","226350","226350","226350"
"456314","226587","226587","226587"
"456453","226656","226656","226656"
"456801","226829","226829","226829"
"456980","226918","226918","226918"
"457143","226999","226999","226999"
"457399","227126","227126","227126"
"457560","227206","227206","227206"
"458096","227473","227473","227473"
"458434","227641","227641","227641"
"458835","227841","227841","227841"
"459475","228160","228160","228160"
"459614","228229","228229","228229"
"459755","228299","228299","228299"
"459992","228417","228417","228417"
"460639","228739","228739","228739"
"460766","228802","228802","228802"
"460921","228879","228879","228879"
"461066","228951","228951","228951"
"461219","229027","229027","229027"
"461530","229182","229182","229182"
"461931","229382","229382","229382"
"462684","229757","229757","229757"
"462837","229833","229833","229833"
"463939","230382","230382","230382"
"464074","230449","230449","230449"
"464205","230514","230514","230514"
"465236","231027","231027","231027"
"465387","231102","231102","231102"
"465945","231379","231379","231379"
"466108","231460","231460","231460"
"466382","231596","231596","231596"
"466545","231677","231677","231677"
"466678","231743","231743","231743"
"467079","231943","231943","231943"
"467321","232063","232063","232063"
"467446","232125","232125","232125"
"467736","232269","232269","232269"
"468546","232672","232672","232672"
"468673","232735","232735","232735"
"468810","232803","232803","232803"
"469164","232979","232979","232979"
"469674","233233","233233","233233"
"469803","233297","233297","233297"
"469922","233356","233356","233356"
"470095","233442","233442","233442"
"470220","233504","233504","233504"
"470486","233636","233636","233636"
"470605","233695","233695","233695"
"470885","233834","233834","233834"
"471046","233914","233914","233914"
"471447","234114","234114","234114"
"471558","234169","234169","234169"
"472062","234420","234420","234420"
"472187","234482","234482","234482"
"472558","234667","234667","234667"
"472737","234756","234756","234756"
"472882","234828","234828","234828"
"473223","234998","234998","234998"
"473350","235061","235061","235061"
"473795","235282","235282","235282"
"474097","235432","235432","235432"
"474238","235502","235502","235502"
"474523","235644","235644","235644"
"474658","235711","235711","235711"
"474779","235771","235771","235771"
"475780","236269","236269","236269"
"475917","236337","236337","236337"
"476483","236619","236619","236619"
"476858","236806","236806","236806"
"477245","236998","236998","236998"
"477380","237065","237065","237065"
"477541","237145","237145","237145"
"477833","237290","237290","237290"
"478256","237500","237500","237500"
"478381","237562","237562","237562"
"478506","237624","237624","237624"
"478880","237810","237810","237810"
"479509","238123","238123","238123"
"479877","238306","238306","238306"
"479998","238366","238366","238366"
"480165","238449","238449","238449"
"480318","238525","238525","238525"
"480467","238599","238599","238599"
"480610","238670","238670","238670"
"481195","238961","238961","238961"
"481453","239089","239089","239089"
"481578","239151","239151","239151"
"481709","239216","239216","239216"
"482431","239576","239576","239576"
"482723","239721","239721","239721"
"482860","239789","239789","239789"
"483530","240122","240122","240122"
"483673","240193","240193","240193"
"483862","240287","240287","240287"
"484263","240487","240487","240487"
"484400","240555","240555","240555"
"484509","240609","240609","240609"
"484640","240674","240674","240674"
"484995","240851","240851","240851"
"485136","240921","240921","240921"
"485269","240987","240987","240987"
"485811","241257","241257","241257"
"486212","241456","241456","241456"
"486565","241632","241632","241632"
"486686","241692","241692","241692"
"487063","241880","241880","241880"
"487474","242084","242084","242084"
"488766","242727","242727","242727"
"488925","242806","242806","242806"
"489080","242883","242883","242883"
"489209","242947","242947","242947"
"489324","243004","243004","243004"
"489489","243086","243086","243086"
"489620","243151","243151","243151"
"489811","243246","243246","243246"
"490212","243446","243446","243446"
"490762","243719","243719","243719"
"490929","243802","243802","243802"
"491060","243867","243867","243867"
"491191","243932","243932","243932"
"491328","244000","244000","244000"
"492281","244474","244474","244474"
"492430","244548","244548","244548"
"492831","244748","244748","244748"
"493117","244890","244890","244890"
"493518","245090","245090","245090"
"493790","245225","245225","245225"
"493909","245284","245284","245284"
"494068","245363","245363","245363"
"494371","245514","245514","245514"
"494498","245577","245577","245577"
"494675","245665","245665","245665"
"495076","245865","245865","245865"
"495193","245923","245923","245923"
"495352","246002","246002","246002"
"495619","246135","246135","246135"
"496020","246335","246335","246335"
"496314","246481","246481","246481"
"496898","246771","246771","246771"
"497053","246848","246848","246848"
"497454","247048","247048","247048"
"498588","247613","247613","247613"
"498846","247741","247741","247741"
"499130","247882","247882","247882"
"499625","248128","248128","248128"
"499752","248191","248191","248191"
"499861","248245","248245","248245"
"500002","248315","248315","248315"
"500264","248445","248445","248445"
"500403","248514","248514","248514"
"500675","248649","248649","248649"
"500824","248723","248723","248723"
"500947","248784","248784","248784"
"501217","248918","248918","248918"
"501527","249072","249072","249072"
"501929","249272","249272","249272"
"502058","249336","249336","249336"
"502459","249536","249536","249536"
"502586","249599","249599","249599"
"502695","249653","249653","249653"
"502838","249724","249724","249724"
"502987","249798","249798","249798"
"503132","249870","249870","249870"
"503257","249932","249932","249932"
"503526","250065","250065","250065"
"503659","250131","250131","250131"
"504060","250331","250331","250331"
"504231","250416","250416","250416"
"504632","250616","250616","250616"
"504781","250690","250690","250690"
"504928","250763","250763","250763"
"505208","250902","250902","250902"
"505369","250982","250982","250982"
"505628","251111","251111","251111"
"505773","251183","251183","251183"
"506174","251383","251383","251383"
"506473","251532","251532","251532"
"506721","251655","251655","251655"
"507172","251879","251879","251879"
"507573","252079","252079","252079"
"507698","252141","252141","252141"
"507883","252233","252233","252233"
"508151","252366","252366","252366"
"508302","252441","252441","252441"
"508703","252641","252641","252641"
"508846","252712","252712","252712"
"509021","252799","252799","252799"
"509154","252865","252865","252865"
"509303","252939","252939","252939"
"509593","253083","253083","253083"
"509994","253283","253283","253283"
"510564","253567","253567","253567"
"510727","253648","253648","253648"
"510864","253716","253716","253716"
"510989","253778","253778","253778"
"511283","253924","253924","253924"
"511400","253982","253982","253982"
"511882","254222","254222","254222"
"512031","254296","254296","254296"
"512184","254372","254372","254372"
"512343","254451","254451","254451"
"512480","254519","254519","254519"
"512625","254591","254591","254591"
"513149","254852","254852","254852"
"513300","254927","254927","254927"
"513431","254992","254992","254992"
"513584","255068","255068","255068"
"513711","255131","255131","255131"
"514068","255309","255309","255309"
"514364","255456","255456","255456"
"514519","255533","255533","255533"
"515051","255798","255798","255798"
"515577","256060","256060","256060"
"515706","256124","256124","256124"
"516234","256387","256387","256387"
"516357","256448","256448","256448"
"516891","256714","256714","256714"
"517040","256788","256788","256788"
"517203","256869","256869","256869"
"518169","257350","257350","257350"
"518570","257550","257550","257550"
"518713","257621","257621","257621"
"518953","257740","257740","257740"
"519354","257940","257940","257940"
"519475","258000","258000","258000"
"520019","258271","258271","258271"
"520696","258608","258608","258608"
"520849","258684","258684","258684"
"521214","258866","258866","258866"
"521321","258919","258919","258919"
"521722","259119","259119","259119"
"521881","259198","259198","259198"
"522034","259274","259274","259274"
"522306","259409","259409","259409"
"522447","259479","259479","259479"
"522711","259610","259610","259610"
"522844","259676","259676","259676"
"523694","260099","260099","260099"
"523857","260180","260180","260180"
"523998","260250","260250","260250"
"524197","260349","260349","260349"
"524501","260500","260500","260500"
"524642","260570","260570","260570"
"524775","260636","260636","260636"
"524918","260707","260707","260707"
"525192","260843","260843","260843"
"525715","261103","261103","261103"
"526237","261363","261363","261363"
"526374","261431","261431","261431"
"527019","261752","261752","261752"
"527821","262152","262152","262152"
"527970","262226","262226","262226"
"528079","262280","262280","262280"
"528480","262480","262480","262480"
"528944","262711","262711","262711"
"529089","262783","262783","262783"
"529598","263036","263036","263036"
"529876","263174","263174","263174"
"530176","263323","263323","263323"
"530577","263523","263523","263523"
"530879","263673","263673","263673"
"531018","263742","263742","263742"
"531391","263927","263927","263927"
"531518","263990","263990","263990"
"531838","264149","264149","264149"
"532100","264279","264279","264279"
"532813","264634","264634","264634"
"533214","264834","264834","264834"
"533698","265075","265075","265075"
"534073","265262","265262","265262"
"534214","265332","265332","265332"
"534512","265480","265480","265480"
"534913","265680","265680","265680"
"535050","265748","265748","265748"
"535959","266201","266201","266201"
"536392","266416","266416","266416"
"536523","266481","266481","266481"
"536642","266540","266540","266540"
"537184","266810","266810","266810"
"537297","266866","266866","266866"
"537464","266949","266949","266949"
"537595","267014","267014","267014"
"537992","267212","267212","267212"
"538117","267274","267274","267274"
"538238","267334","267334","267334"
"538664","267546","267546","267546"
"539065","267746","267746","267746"
"539466","267946","267946","267946"
"539583","268004","268004","268004"
"539984","268204","268204","268204"
"540270","268346","268346","268346"
"540393","268407","268407","268407"
"540699","268559","268559","268559"
"541259","268838","268838","268838"
"541396","268906","268906","268906"
"541866","269140","269140","269140"
"542162","269287","269287","269287"
"542281","269346","269346","269346"
"542456","269433","269433","269433"
"542577","269493","269493","269493"
"542881","269644","269644","269644"
"543046","269726","269726","269726"
"543582","269993","269993","269993"
"543750","270076","270076","270076"
"544054","270227","270227","270227"
"544455","270427","270427","270427"
"544856","270627","270627","270627"
"545112","270754","270754","270754"
"545245","270820","270820","270820"
"545362","270878","270878","270878"
"545537","270965","270965","270965"
"545762","271077","271077","271077"
"546022","271206","271206","271206"
"546423","271406","271406","271406"
"546824","271606","271606","271606"
"546959","271673","271673","271673"
"548156","272269","272269","272269"
"548474","272427","272427","272427"
"548875","272627","272627","272627"
"549405","272891","272891","272891"
"549552","272964","272964","272964"
"550086","273230","273230","273230"
"550227","273300","273300","273300"
"550628","273500","273500","273500"
"550755","273563","273563","273563"
"551100","273735","273735","273735"
"551501","273935","273935","273935"
"551773","274070","274070","274070"
"551916","274141","274141","274141"
"552047","274206","274206","274206"
"552448","274406","274406","274406"
"552589","274476","274476","274476"
"552750","274556","274556","274556"
"552865","274613","274613","274613"
"553266","274813","274813","274813"
"553667","275013","275013","275013"
"553971","275164","275164","275164"
"554410","275382","275382","275382"
"554539","275446","275446","275446"
"554684","275518","275518","275518"
"555085","275718","275718","275718"
"555486","275918","275918","275918"
"555887","276118","276118","276118"
"556136","276242","276242","276242"
"556263","276305","276305","276305"
"556998","276671","276671","276671"
"557814","277077","277077","277077"
"558215","277277","277277","277277"
"558358","277348","277348","277348"
"558491","277414","277414","277414"
"558618","277477","277477","277477"
"559019","277677","277677","277677"
"559170","277752","277752","277752"
"559317","277825","277825","277825"
"559454","277893","277893","277893"
"559702","278016","278016","278016"
"560238","278283","278283","278283"
"560639","278483","278483","278483"
"560768","278547","278547","278547"
"560887","278606","278606","278606"
"560996","278660","278660","278660"
"561649","278985","278985","278985"
"562314","279316","279316","279316"
"562471","279394","279394","279394"
"562640","279478","279478","279478"
"562767","279541","279541","279541"
"562876","279595","279595","279595"
"563277","279795","279795","279795"
"563678","279995","279995","279995"
"563826","280068","280068","280068"
"564227","280268","280268","280268"
"564531","280419","280419","280419"
"564664","280485","280485","280485"
"564779","280542","280542","280542"
"565180","280742","280742","280742"
"565581","280942","280942","280942"
"565950","281126","281126","281126"
"566226","281263","281263","281263"
"566363","281331","281331","281331"
"566512","281405","281405","281405"
"566913","281605","281605","281605"
"567335","281815","281815","281815"
"567819","282056","282056","282056"
"567950","282121","282121","282121"
"568897","282593","282593","282593"
"569423","282855","282855","282855"
"569696","282991","282991","282991"
"570025","283155","283155","283155"
"570140","283212","283212","283212"
"570541","283412","283412","283412"
"570682","283482","283482","283482"
"571238","283759","283759","283759"
"571639","283959","283959","283959"
"572040","284159","284159","284159"
"572233","284255","284255","284255"
"572388","284332","284332","284332"
"572511","284393","284393","284393"
"572658","284466","284466","284466"
"573055","284664","284664","284664"
"573345","284808","284808","284808"
"573615","284942","284942","284942"
"573732","285000","285000","285000"
"573881","285074","285074","285074"
"574153","285209","285209","285209"
"575837","286047","286047","286047"
"576379","286317","286317","286317"
"576496","286375","286375","286375"
"576897","286575","286575","286575"
"577018","286635","286635","286635"
"577820","287035","287035","287035"
"578348","287298","287298","287298"
"578749","287498","287498","287498"
"578946","287596","287596","287596"
"579159","287702","287702","287702"
"579560","287902","287902","287902"
"580763","288502","288502","288502"
"580902","288571","288571","288571"
"581374","288806","288806","288806"
"581640","288938","288938","288938"
"582041","289138","289138","289138"
"582843","289538","289538","289538"
"583238","289734","289734","289734"
"583639","289934","289934","289934"
"584325","290275","290275","290275"
"584835","290528","290528","290528"
"585202","290711","290711","290711"
"585894","291056","291056","291056"
"586328","291272","291272","291272"
"586729","291472","291472","291472"
"586872","291543","291543","291543"
"587005","291609","291609","291609"
"587521","291866","291866","291866"
"587846","292028","292028","292028"
"588021","292115","292115","292115"
"588422","292315","292315","292315"
"588704","292455","292455","292455"
"589238","292721","292721","292721"
"589639","292921","292921","292921"
"589947","293074","293074","293074"
"590168","293184","293184","293184"
"590295","293247","293247","293247"
"590422","293310","293310","293310"
"590561","293379","293379","293379"
"590962","293579","293579","293579"
"591115","293655","293655","293655"
"591407","293800","293800","293800"
"591806","293998","293998","293998"
"591927","294058","294058","294058"
"592447","294317","294317","294317"
"592848","294517","294517","294517"
"593400","294792","294792","294792"
"594699","295439","295439","295439"
"595501","295839","295839","295839"
"596027","296101","296101","296101"
"596428","296301","296301","296301"
"596829","296501","296501","296501"
"596950","296561","296561","296561"
"597091","296631","296631","296631"
"597240","296705","296705","296705"
"597401","296785","296785","296785"
"597520","296844","296844","296844"
"598036","297101","297101","297101"
"598864","297513","297513","297513"
"598995","297578","297578","297578"
"599164","297662","297662","297662"
"599565","297862","297862","297862"
"599706","297932","297932","297932"
"599833","297995","297995","297995"
"600616","298385","298385","298385"
"600815","298484","298484","298484"
"601098","298625","298625","298625"
"601499","298825","298825","298825"
"601927","299038","299038","299038"
"602096","299122","299122","299122"
"602866","299506","299506","299506"
"603603","299873","299873","299873"
"603726","299934","299934","299934"
"604258","300199","300199","300199"
"604419","300279","300279","300279"
"604538","300338","300338","300338"
"604939","300538","300538","300538"
"605340","300738","300738","300738"
"605864","300999","300999","300999"
"605987","301060","301060","301060"
"606132","301132","301132","301132"
"606533","301332","301332","301332"
"606914","301522","301522","301522"
"607041","301585","301585","301585"
"607442","301785","301785","301785"
"607843","301985","301985","301985"
"607964","302045","302045","302045"
"608119","302122","302122","302122"
"608256","302190","302190","302190"
"608389","302256","302256","302256"
"608790","302456","302456","302456"
"609191","302656","302656","302656"
"610114","303116","303116","303116"
"610916","303516","303516","303516"
"611718","303916","303916","303916"
"611831","303972","303972","303972"
"611974","304043","304043","304043"
"612095","304103","304103","304103"
"612200","304155","304155","304155"
"612353","304231","304231","304231"
"612754","304431","304431","304431"
"613278","304692","304692","304692"
"613520","304812","304812","304812"
"613921","305012","305012","305012"
"614479","305290","305290","305290"
"614880","305490","305490","305490"
"615414","305756","305756","305756"
"615815","305956","305956","305956"
"616457","306276","306276","306276"
"616858","306476","306476","306476"
"617259","306676","306676","306676"
"617660","306876","306876","306876"
"618462","307276","307276","307276"
"618863","307476","307476","307476"
"619264","307676","307676","307676"
"619393","307740","307740","307740"
"619794","307940","307940","307940"
"620488","308286","308286","308286"
"620609","308346","308346","308346"
"621010","308546","308546","308546"
"621141","308611","308611","308611"
"621515","308797","308797","308797"
"622718","309397","309397","309397"
"623119","309597","309597","309597"
"623520","309797","309797","309797"
"623921","309997","309997","309997"
"624496","310283","310283","310283"
"625583","310825","310825","310825"
"625855","310960","310960","310960"
"625992","311028","311028","311028"
"626135","311099","311099","311099"
"626262","311162","311162","311162"
"627064","311562","311562","311562"
"627465","311762","311762","311762"
"627866","311962","311962","311962"
"628380","312218","312218","312218"
"628533","312294","312294","312294"
"628934","312494","312494","312494"
"629335","312694","312694","312694"
"629498","312775","312775","312775"
"629619","312835","312835","312835"
"629930","312990","312990","312990"
"630331","313190","313190","313190"
"630732","313390","313390","313390"
"631133","313590","313590","313590"
"631524","313785","313785","313785"
"631925","313985","313985","313985"
"632147","314095","314095","314095"
"632548","314295","314295","314295"
"632949","314495","314495","314495"
"633350","314695","314695","314695"
"634152","315095","315095","315095"
"634474","315255","315255","315255"
"634595","315315","315315","315315"
"634996","315515","315515","315515"
"635712","315872","315872","315872"
"636514","316272","316272","316272"
"636915","316472","316472","316472"
"637078","316553","316553","316553"
"637479","316753","316753","316753"
"638027","317026","317026","317026"
"638428","317226","317226","317226"
"638829","317426","317426","317426"
"639230","317626","317626","317626"
"639631","317826","317826","317826"
"640032","318026","318026","318026"
"640433","318226","318226","318226"
"640834","318426","318426","318426"
"641235","318626","318626","318626"
"641636","318826","318826","318826"
"642037","319026","319026","319026"
"642839","319426","319426","319426"
"642966","319489","319489","319489"
"643099","319555","319555","319555"
"643230","319620","319620","319620"
"644266","320136","320136","320136"
"645451","320726","320726","320726"
"646769","321383","321383","321383"
"647170","321583","321583","321583"
"647571","321783","321783","321783"
"647972","321983","321983","321983"
"648373","322183","322183","322183"
"648897","322444","322444","322444"
"649298","322644","322644","322644"
"649699","322844","322844","322844"
"650100","323044","323044","323044"
"650209","323098","323098","323098"
"651551","323767","323767","323767"
"651952","323967","323967","323967"
"652867","324423","324423","324423"
"653154","324566","324566","324566"
"653738","324857","324857","324857"
"653857","324916","324916","324916"
"654062","325018","325018","325018"
"654616","325294","325294","325294"
"654896","325433","325433","325433"
"655037","325503","325503","325503"
"655358","325663","325663","325663"
"655894","325930","325930","325930"
"656414","326189","326189","326189"
"656569","326266","326266","326266"
"656850","326406","326406","326406"
"657122","326541","326541","326541"
"657253","326606","326606","326606"
"657654","326806","326806","326806"
"657803","326880","326880","326880"
"657924","326940","326940","326940"
"658043","326999","326999","326999"
"658573","327263","327263","327263"
"658974","327463","327463","327463"
"659490","327720","327720","327720"
"660292","328120","328120","328120"
"660641","328294","328294","328294"
"661020","328482","328482","328482"
"661822","328882","328882","328882"
"662223","329082","329082","329082"
"662624","329282","329282","329282"
"662979","329459","329459","329459"
"663308","329623","329623","329623"
"663884","329910","329910","329910"
"664318","330126","330126","330126"
"664719","330326","330326","330326"
"665120","330526","330526","330526"
"665521","330726","330726","330726"
"665863","330896","330896","330896"
"666264","331096","331096","331096"
"666373","331150","331150","331150"
"666774","331350","331350","331350"
"666947","331436","331436","331436"
"667273","331598","331598","331598"
"668075","331998","331998","331998"
"668819","332369","332369","332369"
"669124","332521","332521","332521"
"669525","332721","332721","332721"
"669926","332921","332921","332921"
"670057","332986","332986","332986"
"671008","333460","333460","333460"
"671409","333660","333660","333660"
"671548","333729","333729","333729"
"672751","334329","334329","334329"
"672872","334389","334389","334389"
"673674","334789","334789","334789"
"674075","334989","334989","334989"
"674476","335189","335189","335189"
"674877","335389","335389","335389"
"675000","335450","335450","335450"
"675401","335650","335650","335650"
"676372","336134","336134","336134"
"676773","336334","336334","336334"
"677174","336534","336534","336534"
"677301","336597","336597","336597"
"677831","336861","336861","336861"
"678232","337061","337061","337061"
"678371","337130","337130","337130"
"678512","337200","337200","337200"
"678655","337271","337271","337271"
"679056","337471","337471","337471"
"679572","337728","337728","337728"
"679735","337809","337809","337809"
"680136","338009","338009","338009"
"680309","338095","338095","338095"
"680710","338295","338295","338295"
"681641","338759","338759","338759"
"682042","338959","338959","338959"
"682443","339159","339159","339159"
"683245","339559","339559","339559"
"683368","339620","339620","339620"
"683501","339686","339686","339686"
"683652","339761","339761","339761"
"684531","340199","340199","340199"
"684932","340399","340399","340399"
"685065","340465","340465","340465"
"685466","340665","340665","340665"
"686018","340940","340940","340940"
"686419","341140","341140","341140"
"686556","341208","341208","341208"
"687358","341608","341608","341608"
"687507","341682","341682","341682"
"688303","342078","342078","342078"
"688704","342278","342278","342278"
"688849","342350","342350","342350"
"689250","342550","342550","342550"
"689403","342626","342626","342626"
"690388","343117","343117","343117"
"690507","343176","343176","343176"
"690624","343234","343234","343234"
"692228","344034","344034","344034"
"692905","344371","344371","344371"
"693469","344652","344652","344652"
"693676","344755","344755","344755"
"694265","345048","345048","345048"
"694406","345118","345118","345118"
"694940","345384","345384","345384"
"695621","345723","345723","345723"
"696022","345923","345923","345923"
"696161","345992","345992","345992"
"696562","346192","346192","346192"
"697217","346518","346518","346518"
"697618","346718","346718","346718"
"698019","346918","346918","346918"
"698152","346984","346984","346984"
"698553","347184","347184","347184"
"698954","347384","347384","347384"
"699101","347457","347457","347457"
"700299","348054","348054","348054"
"700410","348109","348109","348109"
"700986","348396","348396","348396"
"701175","348490","348490","348490"
"701694","348748","348748","348748"
"701807","348804","348804","348804"
"701930","348865","348865","348865"
"702057","348928","348928","348928"
"702309","349053","349053","349053"
"702710","349253","349253","349253"
"703111","349453","349453","349453"
"704337","350064","350064","350064"
"704464","350127","350127","350127"
"704865","350327","350327","350327"
"705266","350527","350527","350527"
"705667","350727","350727","350727"
"706068","350927","350927","350927"
"706181","350983","350983","350983"
"706719","351251","351251","351251"
"707120","351451","351451","351451"
"707521","351651","351651","351651"
"707922","351851","351851","351851"
"708323","352051","352051","352051"
"708859","352318","352318","352318"
"709260","352518","352518","352518"
"709614","352694","352694","352694"
"710015","352894","352894","352894"
"710266","353019","353019","353019"
"710849","353309","353309","353309"
"710970","353369","353369","353369"
"711125","353446","353446","353446"
"711526","353646","353646","353646"
"711645","353705","353705","353705"
"712046","353905","353905","353905"
"712699","354230","354230","354230"
"712816","354288","354288","354288"
"712985","354372","354372","354372"
"713122","354440","354440","354440"
"713455","354606","354606","354606"
"713963","354859","354859","354859"
"714364","355059","355059","355059"
"714479","355116","355116","355116"
"715424","355587","355587","355587"
"715583","355666","355666","355666"
"715984","355866","355866","355866"
"716105","355926","355926","355926"
"716753","356249","356249","356249"
"717847","356794","356794","356794"
"718363","357051","357051","357051"
"718764","357251","357251","357251"
"719001","357369","357369","357369"
"719402","357569","357569","357569"
"719803","357769","357769","357769"
"720863","358297","358297","358297"
"721389","358559","358559","358559"
"721877","358802","358802","358802"
"722278","359002","359002","359002"
"722421","359073","359073","359073"
"723175","359448","359448","359448"
"723576","359648","359648","359648"
"723719","359719","359719","359719"
"723868","359793","359793","359793"
"723983","359850","359850","359850"
"724435","360075","360075","360075"
"724574","360144","360144","360144"
"724725","360219","360219","360219"
"724844","360278","360278","360278"
"725245","360478","360478","360478"
"725753","360731","360731","360731"
"726154","360931","360931","360931"
"726555","361131","361131","361131"
"727071","361388","361388","361388"
"727184","361444","361444","361444"
"727764","361733","361733","361733"
"728364","362032","362032","362032"
"728930","362314","362314","362314"
"729051","362374","362374","362374"
"729186","362441","362441","362441"
"729651","362672","362672","362672"
"730052","362872","362872","362872"
"730296","362993","362993","362993"
"730550","363119","363119","363119"
"730836","363261","363261","363261"
"731130","363407","363407","363407"
"731465","363574","363574","363574"
"731866","363774","363774","363774"
"732668","364174","364174","364174"
"733559","364618","364618","364618"
"733700","364688","364688","364688"
"734502","365088","365088","365088"
"734627","365150","365150","365150"
"734776","365224","365224","365224"
"735160","365415","365415","365415"
"735704","365686","365686","365686"
"735849","365758","365758","365758"
"736786","366224","366224","366224"
"736897","366279","366279","366279"
"737131","366395","366395","366395"
"737657","366657","366657","366657"
"738058","366857","366857","366857"
"738592","367123","367123","367123"
"738840","367246","367246","367246"
"739061","367356","367356","367356"
"739202","367426","367426","367426"
"739624","367636","367636","367636"
"740025","367836","367836","367836"
"740426","368036","368036","368036"
"740726","368185","368185","368185"
"740859","368251","368251","368251"
"740996","368319","368319","368319"
"741125","368383","368383","368383"
"741262","368451","368451","368451"
"741429","368534","368534","368534"
"741822","368730","368730","368730"
"741993","368815","368815","368815"
"742394","369015","369015","369015"
"743480","369556","369556","369556"
"743703","369667","369667","369667"
"744037","369833","369833","369833"
"745172","370399","370399","370399"
"745573","370599","370599","370599"
"746113","370868","370868","370868"
"746514","371068","371068","371068"
"747094","371357","371357","371357"
"747495","371557","371557","371557"
"747896","371757","371757","371757"
"748297","371957","371957","371957"
"749086","372350","372350","372350"
"749233","372423","372423","372423"
"749634","372623","372623","372623"
"749813","372712","372712","372712"
"750561","373085","373085","373085"
"750666","373137","373137","373137"
"751067","373337","373337","373337"
"751468","373537","373537","373537"
"751623","373614","373614","373614"
"751804","373704","373704","373704"
"752205","373904","373904","373904"
"752324","373963","373963","373963"
"752437","374019","374019","374019"
"752969","374284","374284","374284"
"753096","374347","374347","374347"
"753746","374671","374671","374671"
"754431","375012","375012","375012"
"754560","375076","375076","375076"
"755249","375419","375419","375419"
"755366","375477","375477","375477"
"755487","375537","375537","375537"
"755888","375737","375737","375737"
"756690","376137","376137","376137"
"757220","376401","376401","376401"
"757399","376490","376490","376490"
"758521","377048","377048","377048"
"758640","377107","377107","377107"
"759041","377307","377307","377307"
"759277","377424","377424","377424"
"760205","377886","377886","377886"
"760606","378086","378086","378086"
"761417","378490","378490","378490"
"762766","379162","379162","379162"
"762913","379235","379235","379235"
"763076","379316","379316","379316"
"763205","379380","379380","379380"
"763606","379580","379580","379580"
"764334","379943","379943","379943"
"764622","380086","380086","380086"
"765015","380282","380282","380282"
"765416","380482","380482","380482"
"766496","381020","381020","381020"
"766870","381206","381206","381206"
"767063","381302","381302","381302"
"767458","381498","381498","381498"
"768403","381969","381969","381969"
"768804","382169","382169","382169"
"769493","382512","382512","382512"
"769894","382712","382712","382712"
"770005","382767","382767","382767"
"770120","382824","382824","382824"
"770293","382910","382910","382910"
"770428","382977","382977","382977"
"770579","383052","383052","383052"
"770926","383225","383225","383225"
"771327","383425","383425","383425"
"771728","383625","383625","383625"
"771879","383700","383700","383700"
"772028","383774","383774","383774"
"772183","383851","383851","383851"
"772437","383977","383977","383977"
"772687","384101","384101","384101"
"773088","384301","384301","384301"
"773489","384501","384501","384501"
"774007","384759","384759","384759"
"774408","384959","384959","384959"
"774942","385225","385225","385225"
"775343","385425","385425","385425"
"775470","385488","385488","385488"
"775726","385615","385615","385615"
"776185","385843","385843","385843"
"776586","386043","386043","386043"
"776777","386138","386138","386138"
"777045","386271","386271","386271"
"777162","386329","386329","386329"
"777563","386529","386529","386529"
"778221","386857","386857","386857"
"778336","386914","386914","386914"
"778737","387114","387114","387114"
"779137","387313","387313","387313"
"779242","387365","387365","387365"
"779900","387693","387693","387693"
"780041","387763","387763","387763"
"780182","387833","387833","387833"
"780583","388033","388033","388033"
"780986","388233","388233","388233"
"781123","388301","388301","388301"
"781372","388425","388425","388425"
"781521","388499","388499","388499"
"781922","388699","388699","388699"
"782679","389076","389076","389076"
"783080","389276","389276","389276"
"783602","389536","389536","389536"
"783878","389673","389673","389673"
"784644","390054","390054","390054"
"784775","390119","390119","390119"
"785176","390319","390319","390319"
"785577","390519","390519","390519"
"785722","390591","390591","390591"
"786113","390786","390786","390786"
"786514","390986","390986","390986"
"786655","391056","391056","391056"
"787004","391229","391229","391229"
"787405","391429","391429","391429"
"787806","391629","391629","391629"
"788207","391829","391829","391829"
"788588","392019","392019","392019"
"788717","392083","392083","392083"
"789118","392283","392283","392283"
"789245","392346","392346","392346"
"789366","392406","392406","392406"
"789896","392670","392670","392670"
"790297","392870","392870","392870"
"790446","392944","392944","392944"
"790565","393003","393003","393003"
"791300","393369","393369","393369"
"791701","393569","393569","393569"
"791820","393628","393628","393628"
"791951","393693","393693","393693"
"792356","393894","393894","393894"
"793077","394253","394253","394253"
"793337","394382","394382","394382"
"793613","394519","394519","394519"
"793816","394620","394620","394620"
"794344","394883","394883","394883"
"795092","395256","395256","395256"
"795211","395315","395315","395315"
"795362","395390","395390","395390"
"796059","395737","395737","395737"
"796460","395937","395937","395937"
"796581","395997","395997","395997"
"796726","396069","396069","396069"
"796847","396129","396129","396129"
"796992","396201","396201","396201"
"797167","396288","396288","396288"
"797310","396359","396359","396359"
"797711","396559","396559","396559"
"798143","396774","396774","396774"
"798264","396834","396834","396834"
"798401","396902","396902","396902"
"798552","396977","396977","396977"
"798687","397044","397044","397044"
"798850","397125","397125","397125"
"799795","397595","397595","397595"
"800095","397744","397744","397744"
"800326","397859","397859","397859"
"801229","398309","398309","398309"
"801354","398371","398371","398371"
"801657","398522","398522","398522"
"802058","398722","398722","398722"
"802169","398777","398777","398777"
"802497","398940","398940","398940"
"802698","399040","399040","399040"
"802859","399120","399120","399120"
"803251","399315","399315","399315"
"803646","399512","399512","399512"
"804413","399894","399894","399894"
"804849","400111","400111","400111"
"805145","400258","400258","400258"
"805455","400412","400412","400412"
"805578","400473","400473","400473"
"805979","400673","400673","400673"
"806116","400741","400741","400741"
"806317","400841","400841","400841"
"806829","401096","401096","401096"
"806956","401159","401159","401159"
"807089","401225","401225","401225"
"807439","401399","401399","401399"
"807564","401461","401461","401461"
"807695","401526","401526","401526"
"807832","401594","401594","401594"
"808378","401866","401866","401866"
"808489","401921","401921","401921"
"808626","401989","401989","401989"
"809027","402189","402189","402189"
"809612","402480","402480","402480"
"810557","402951","402951","402951"
"810688","403016","403016","403016"
"810831","403087","403087","403087"
"811402","403371","403371","403371"
"811803","403571","403571","403571"
"812416","403876","403876","403876"
"812551","403943","403943","403943"
"813021","404177","404177","404177"
"813607","404469","404469","404469"
"813734","404532","404532","404532"
"814056","404692","404692","404692"
"814199","404763","404763","404763"
"814334","404830","404830","404830"
"814467","404896","404896","404896"
"814696","405010","405010","405010"
"814982","405152","405152","405152"
"815383","405352","405352","405352"
"816438","405877","405877","405877"
"816659","405987","405987","405987"
"816830","406072","406072","406072"
"817231","406272","406272","406272"
"817396","406354","406354","406354"
"817537","406424","406424","406424"
"817660","406485","406485","406485"
"818061","406685","406685","406685"
"819264","407285","407285","407285"
"819665","407485","407485","407485"
"819782","407543","407543","407543"
"819919","407611","407611","407611"
"820040","407671","407671","407671"
"820197","407749","407749","407749"
"820999","408149","408149","408149"
"821120","408209","408209","408209"
"821650","408473","408473","408473"
"822196","408745","408745","408745"
"822309","408801","408801","408801"
"822978","409134","409134","409134"
"823379","409334","409334","409334"
"823780","409534","409534","409534"
"824181","409734","409734","409734"
"824290","409788","409788","409788"
"824901","410092","410092","410092"
"825316","410298","410298","410298"
"826054","410666","410666","410666"
"826707","410991","410991","410991"
"827702","411487","411487","411487"
"828103","411687","411687","411687"
"828242","411756","411756","411756"
"828361","411815","411815","411815"
"828476","411872","411872","411872"
"829208","412237","412237","412237"
"829347","412306","412306","412306"
"829748","412506","412506","412506"
"830544","412903","412903","412903"
"830782","413021","413021","413021"
"830921","413090","413090","413090"
"831114","413186","413186","413186"
"831247","413252","413252","413252"
"831545","413400","413400","413400"
"831913","413583","413583","413583"
"832056","413654","413654","413654"
"832199","413725","413725","413725"
"832970","414109","414109","414109"
"833216","414231","414231","414231"
"833343","414294","414294","414294"
"833494","414369","414369","414369"
"833605","414424","414424","414424"
"833724","414483","414483","414483"
"833855","414548","414548","414548"
"834100","414670","414670","414670"
"834501","414870","414870","414870"
"834724","414981","414981","414981"
"835125","415181","415181","415181"
"835266","415251","415251","415251"
"835443","415339","415339","415339"
"835844","415539","415539","415539"
"836245","415739","415739","415739"
"836529","415880","415880","415880"
"837250","416239","416239","416239"
"838831","417027","417027","417027"
"839155","417188","417188","417188"
"839445","417332","417332","417332"
"840005","417611","417611","417611"
"840406","417811","417811","417811"
"840807","418011","418011","418011"
"841208","418211","418211","418211"
"841359","418286","418286","418286"
"842161","418686","418686","418686"
"842286","418748","418748","418748"
"842687","418948","418948","418948"
"842810","419009","419009","419009"
"843769","419487","419487","419487"
"844035","419619","419619","419619"
"844146","419674","419674","419674"
"844301","419751","419751","419751"
"845601","420399","420399","420399"
"845798","420497","420497","420497"
"846199","420697","420697","420697"
"846749","420971","420971","420971"
"847150","421171","421171","421171"
"847275","421233","421233","421233"
"847410","421300","421300","421300"
"847529","421359","421359","421359"
"847930","421559","421559","421559"
"848458","421822","421822","421822"
"848859","422022","422022","422022"
"849407","422295","422295","422295"
"849564","422373","422373","422373"
"849683","422432","422432","422432"
"849788","422484","422484","422484"
"850183","422680","422680","422680"
"852271","423720","423720","423720"
"852406","423787","423787","423787"
"853446","424305","424305","424305"
"853601","424382","424382","424382"
"853788","424475","424475","424475"
"853945","424553","424553","424553"
"854747","424953","424953","424953"
"854856","425007","425007","425007"
"855440","425298","425298","425298"
"855841","425498","425498","425498"
"856242","425698","425698","425698"
"856383","425768","425768","425768"
"857471","426310","426310","426310"
"857872","426510","426510","426510"
"858273","426710","426710","426710"
"858674","426910","426910","426910"
"859834","427487","427487","427487"
"860235","427687","427687","427687"
"861216","428176","428176","428176"
"861329","428232","428232","428232"
"861438","428286","428286","428286"
"861839","428486","428486","428486"
"861980","428556","428556","428556"
"862381","428756","428756","428756"
"862782","428956","428956","428956"
"863183","429156","429156","429156"
"863368","429248","429248","429248"
"863503","429315","429315","429315"
"864656","429890","429890","429890"
"864781","429952","429952","429952"
"865394","430257","430257","430257"
"865714","430416","430416","430416"
"866088","430602","430602","430602"
"866489","430802","430802","430802"
"867161","431137","431137","431137"
"867334","431223","431223","431223"
"867465","431288","431288","431288"
"867993","431551","431551","431551"
"868168","431638","431638","431638"
"868809","431957","431957","431957"
"869355","432229","432229","432229"
"869500","432301","432301","432301"
"869635","432368","432368","432368"
"869997","432548","432548","432548"
"870398","432748","432748","432748"
"870531","432814","432814","432814"
"870932","433014","433014","433014"
"871091","433093","433093","433093"
"871492","433293","433293","433293"
"871893","433493","433493","433493"
"872250","433671","433671","433671"
"872651","433871","433871","433871"
"872914","434002","434002","434002"
"873021","434055","434055","434055"
"873186","434137","434137","434137"
"873798","434442","434442","434442"
"873929","434507","434507","434507"
"874330","434707","434707","434707"
"874606","434844","434844","434844"
"874763","434922","434922","434922"
"875060","435070","435070","435070"
"875703","435390","435390","435390"
"876104","435590","435590","435590"
"876626","435850","435850","435850"
"876755","435914","435914","435914"
"876997","436034","436034","436034"
"877398","436234","436234","436234"
"877958","436513","436513","436513"
"878359","436713","436713","436713"
"878586","436826","436826","436826"
"878878","436971","436971","436971"
"879279","437171","437171","437171"
"879680","437371","437371","437371"
"879947","437504","437504","437504"
"880078","437569","437569","437569"
"880479","437769","437769","437769"
"881136","438096","438096","438096"
"881538","438296","438296","438296"
"881665","438359","438359","438359"
"881878","438465","438465","438465"
"882279","438665","438665","438665"
"882680","438865","438865","438865"
"882807","438928","438928","438928"
"883020","439034","439034","439034"
"883421","439234","439234","439234"
"883822","439434","439434","439434"
"884346","439695","439695","439695"
"884523","439783","439783","439783"
"884696","439869","439869","439869"
"885088","440064","440064","440064"
"885215","440127","440127","440127"
"885350","440194","440194","440194"
"885509","440273","440273","440273"
"885688","440362","440362","440362"
"885933","440484","440484","440484"
"886449","440741","440741","440741"
"886574","440803","440803","440803"
"886838","440934","440934","440934"
"886977","441003","441003","441003"
"887378","441203","441203","441203"
"887501","441264","441264","441264"
"888164","441594","441594","441594"
"888355","441689","441689","441689"
"888756","441889","441889","441889"
"888909","441965","441965","441965"
"889185","442102","442102","442102"
"889586","442302","442302","442302"
"889707","442362","442362","442362"
"889966","442491","442491","442491"
"890883","442948","442948","442948"
"891284","443148","443148","443148"
"891451","443231","443231","443231"
"891989","443499","443499","443499"
"892390","443699","443699","443699"
"892761","443884","443884","443884"
"892904","443955","443955","443955"
"893305","444155","444155","444155"
"893706","444355","444355","444355"
"893951","444477","444477","444477"
"894072","444537","444537","444537"
"894267","444634","444634","444634"
"894635","444817","444817","444817"
"895054","445025","445025","445025"
"895568","445281","445281","445281"
"895969","445481","445481","445481"
"896088","445540","445540","445540"
"896600","445795","445795","445795"
"897001","445995","445995","445995"
"897904","446444","446444","446444"
"898432","446707","446707","446707"
"899028","447004","447004","447004"
"899429","447204","447204","447204"
"900132","447554","447554","447554"
"900522","447748","447748","447748"
"900681","447827","447827","447827"
"900798","447885","447885","447885"
"901085","448028","448028","448028"
"901486","448228","448228","448228"
"901633","448301","448301","448301"
"901830","448399","448399","448399"
"902111","448539","448539","448539"
"902913","448939","448939","448939"
"904234","449596","449596","449596"
"904854","449905","449905","449905"
"904975","449965","449965","449965"
"905304","450128","450128","450128"
"905553","450252","450252","450252"
"905716","450333","450333","450333"
"906084","450516","450516","450516"
"906338","450642","450642","450642"
"906459","450702","450702","450702"
"907011","450977","450977","450977"
"907383","451162","451162","451162"
"907478","451209","451209","451209"
"907641","451290","451290","451290"
"907782","451360","451360","451360"
"908434","451685","451685","451685"
"908835","451885","451885","451885"
"909099","452016","452016","452016"
"909360","452146","452146","452146"
"909699","452315","452315","452315"
"909858","452394","452394","452394"
"909977","452453","452453","452453"
"910347","452637","452637","452637"
"910748","452837","452837","452837"
"910909","452917","452917","452917"
"911018","452971","452971","452971"
"911419","453171","453171","453171"
"911803","453362","453362","453362"
"911922","453421","453421","453421"
"912582","453750","453750","453750"
"913102","454009","454009","454009"
"913503","454209","454209","454209"
"914027","454470","454470","454470"
"914138","454525","454525","454525"
"914333","454622","454622","454622"
"914928","454918","454918","454918"
"915730","455318","455318","455318"
"917334","456118","456118","456118"
"917995","456447","456447","456447"
"918396","456647","456647","456647"
"918517","456707","456707","456707"
"918977","456936","456936","456936"
"919092","456993","456993","456993"
"919493","457193","457193","457193"
"919634","457263","457263","457263"
"919799","457345","457345","457345"
"919942","457416","457416","457416"
"920312","457600","457600","457600"
"920713","457800","457800","457800"
"921104","457995","457995","457995"
"921223","458054","458054","458054"
"921446","458165","458165","458165"
"921687","458285","458285","458285"
"922051","458466","458466","458466"
"922176","458528","458528","458528"
"922299","458589","458589","458589"
"922741","458809","458809","458809"
"923142","459009","459009","459009"
"924125","459499","459499","459499"
"924526","459699","459699","459699"
"925779","460323","460323","460323"
"925904","460385","460385","460385"
"926444","460654","460654","460654"
"926986","460924","460924","460924"
"928179","461519","461519","461519"
"929263","462059","462059","462059"
"929664","462259","462259","462259"
"930172","462512","462512","462512"
"930684","462767","462767","462767"
"930801","462825","462825","462825"
"931508","463177","463177","463177"
"931892","463368","463368","463368"
"932293","463568","463568","463568"
"932442","463642","463642","463642"
"932843","463842","463842","463842"
"933244","464042","464042","464042"
"933997","464417","464417","464417"
"934186","464511","464511","464511"
"934319","464577","464577","464577"
"934569","464701","464701","464701"
"934686","464759","464759","464759"
"936117","465472","465472","465472"
"936240","465533","465533","465533"
"936567","465696","465696","465696"
"936686","465755","465755","465755"
"936959","465891","465891","465891"
"937070","465946","465946","465946"
"937211","466016","466016","466016"
"937354","466087","466087","466087"
"937755","466287","466287","466287"
"938507","466662","466662","466662"
"938908","466862","466862","466862"
"939063","466939","466939","466939"
"939353","467083","467083","467083"
"939742","467277","467277","467277"
"940143","467477","467477","467477"
"940306","467558","467558","467558"
"941209","468008","468008","468008"
"941362","468084","468084","468084"
"941917","468360","468360","468360"
"942669","468734","468734","468734"
"942953","468875","468875","468875"
"943866","469330","469330","469330"
"944398","469595","469595","469595"
"944799","469795","469795","469795"
"945344","470066","470066","470066"
"945745","470266","470266","470266"
"947434","471108","471108","471108"
"948363","471571","471571","471571"
"949278","472027","472027","472027"
"949493","472134","472134","472134"
"950336","472554","472554","472554"
"950880","472825","472825","472825"
"951682","473225","473225","473225"
"951962","473364","473364","473364"
"952199","473482","473482","473482"
"952330","473547","473547","473547"
"952473","473618","473618","473618"
"952616","473689","473689","473689"
"953017","473889","473889","473889"
"953314","474037","474037","474037"
"953852","474305","474305","474305"
"954099","474428","474428","474428"
"954270","474513","474513","474513"
"954627","474691","474691","474691"
"955440","475096","475096","475096"
"955960","475355","475355","475355"
"956057","475403","475403","475403"
"956314","475531","475531","475531"
"957391","476068","476068","476068"
"957792","476268","476268","476268"
"958193","476468","476468","476468"
"958447","476594","476594","476594"
"958848","476794","476794","476794"
"959531","477134","477134","477134"
"960041","477388","477388","477388"
"960442","477588","477588","477588"
"960843","477788","477788","477788"
"961244","477988","477988","477988"
"962047","478388","478388","478388"
"962311","478519","478519","478519"
"962553","478639","478639","478639"
"963216","478969","478969","478969"
"963897","479308","479308","479308"
"964298","479508","479508","479508"
"964699","479708","479708","479708"
"965556","480135","480135","480135"
"965917","480315","480315","480315"
"966062","480387","480387","480387"
"966326","480518","480518","480518"
"966453","480581","480581","480581"
"966578","480643","480643","480643"
"967106","480906","480906","480906"
"967247","480976","480976","480976"
"967458","481081","481081","481081"
"968184","481443","481443","481443"
"968585","481643","481643","481643"
"968986","481843","481843","481843"
"969788","482243","482243","482243"
"970189","482443","482443","482443"
"970352","482524","482524","482524"
"970753","482724","482724","482724"
"970910","482802","482802","482802"
"971311","483002","483002","483002"
"971454","483073","483073","483073"
"971795","483243","483243","483243"
"971924","483307","483307","483307"
"972325","483507","483507","483507"
"972726","483707","483707","483707"
"973127","483907","483907","483907"
"973450","484068","484068","484068"
"973713","484199","484199","484199"
"973974","484329","484329","484329"
"974375","484529","484529","484529"
"974776","484729","484729","484729"
"974901","484791","484791","484791"
"975302","484991","484991","484991"
"976701","485688","485688","485688"
"976977","485825","485825","485825"
"977094","485883","485883","485883"
"977753","486211","486211","486211"
"978154","486411","486411","486411"
"978620","486643","486643","486643"
"978967","486816","486816","486816"
"979194","486929","486929","486929"
"979442","487052","487052","487052"
"979843","487252","487252","487252"
"980397","487528","487528","487528"
"980698","487678","487678","487678"
"981096","487876","487876","487876"
"981497","488076","488076","488076"
"981620","488137","488137","488137"
"981835","488244","488244","488244"
"982236","488444","488444","488444"
"982351","488501","488501","488501"
"982789","488719","488719","488719"
"982914","488781","488781","488781"
"983081","488864","488864","488864"
"983262","488954","488954","488954"
"984610","489626","489626","489626"
"985011","489826","489826","489826"
"985192","489916","489916","489916"
"985858","490247","490247","490247"
"986009","490322","490322","490322"
"986344","490489","490489","490489"
"986467","490550","490550","490550"
"986734","490683","490683","490683"
"986829","490730","490730","490730"
"987283","490956","490956","490956"
"987684","491156","491156","491156"
"988085","491356","491356","491356"
"988333","491479","491479","491479"
"988851","491737","491737","491737"
"989482","492051","492051","492051"
"989685","492152","492152","492152"
"990086","492352","492352","492352"
"990183","492400","492400","492400"
"990584","492600","492600","492600"
"990903","492759","492759","492759"
"991173","492893","492893","492893"
"991312","492962","492962","492962"
"991713","493162","493162","493162"
"992062","493336","493336","493336"
"992580","493594","493594","493594"
"992964","493785","493785","493785"
"993488","494046","494046","494046"
"993777","494190","494190","494190"
"994189","494395","494395","494395"
"995400","494998","494998","494998"
"995579","495087","495087","495087"
"995974","495284","495284","495284"
"996095","495344","495344","495344"
"996236","495414","495414","495414"
"996379","495485","495485","495485"
"996638","495614","495614","495614"
"996771","495680","495680","495680"
"997172","495880","495880","495880"
"997694","496140","496140","496140"
"998095","496340","496340","496340"
"998365","496474","496474","496474"
"998766","496674","496674","496674"
"998897","496739","496739","496739"
"999298","496939","496939","496939"
"999627","497103","497103","497103"
"999840","497209","497209","497209"
"1000181","497379","497379","497379"
"1000582","497579","497579","497579"
"1000729","497652","497652","497652"
"1000848","497711","497711","497711"
"1000977","497775","497775","497775"
"1001090","497831","497831","497831"
"1001616","498093","498093","498093"
"1001739","498154","498154","498154"
"1001954","498261","498261","498261"
"1002480","498523","498523","498523"
"1002881","498723","498723","498723"
"1003171","498867","498867","498867"
"1003302","498932","498932","498932"
"1004066","499312","499312","499312"
"1004876","499715","499715","499715"
"1005021","499787","499787","499787"
"1005848","500199","500199","500199"
"1007051","500799","500799","500799"
"1007452","500999","500999","500999"
"1007853","501199","501199","501199"
"1009457","501999","501999","501999"
"1009858","502199","502199","502199"
"1010209","502374","502374","502374"
"1010610","502574","502574","502574"
"1011011","502774","502774","502774"
"1011412","502974","502974","502974"
"1011813","503174","503174","503174"
"1012162","503348","503348","503348"
"1012563","503548","503548","503548"
"1014418","504473","504473","504473"
"1014819","504673","504673","504673"
"1015621","505073","505073","505073"
"1016022","505273","505273","505273"
"1016423","505473","505473","505473"
"1016824","505673","505673","505673"
"1017225","505873","505873","505873"
"1018027","506273","506273","506273"
"1018428","506473","506473","506473"
"1018829","506673","506673","506673"
"1019230","506873","506873","506873"
"1020032","507273","507273","507273"
"1020834","507673","507673","507673"
"1021636","508073","508073","508073"
"1022438","508473","508473","508473"
"1022839","508673","508673","508673"
"1023240","508873","508873","508873"
"1023637","509071","509071","509071"
"1024012","509258","509258","509258"
"1025215","509858","509858","509858"
"1025713","510106","510106","510106"
"1026114","510306","510306","510306"
"1026413","510455","510455","510455"
"1026618","510557","510557","510557"
"1027420","510957","510957","510957"
"1028134","511313","511313","511313"
"1028535","511513","511513","511513"
"1028936","511713","511713","511713"
"1030117","512302","512302","512302"
"1030452","512469","512469","512469"
"1030669","512577","512577","512577"
"1031070","512777","512777","512777"
"1031471","512977","512977","512977"
"1032165","513323","513323","513323"
"1032955","513717","513717","513717"
"1033356","513917","513917","513917"
"1034960","514717","514717","514717"
"1035259","514866","514866","514866"
"1035652","515062","515062","515062"
"1036021","515246","515246","515246"
"1036777","515623","515623","515623"
"1037178","515823","515823","515823"
"1037579","516023","516023","516023"
"1038267","516366","516366","516366"
"1038632","516548","516548","516548"
"1039033","516748","516748","516748"
"1039330","516896","516896","516896"
"1039731","517096","517096","517096"
"1040050","517255","517255","517255"
"1040554","517506","517506","517506"
"1041302","517879","517879","517879"
"1041531","517993","517993","517993"
"1042061","518257","518257","518257"
"1042749","518600","518600","518600"
"1043315","518882","518882","518882"
"1043678","519063","519063","519063"
"1044079","519263","519263","519263"
"1044779","519612","519612","519612"
"1045060","519752","519752","519752"
"1045419","519931","519931","519931"
"1045869","520155","520155","520155"
"1046046","520243","520243","520243"
"1046443","520441","520441","520441"
"1047717","521076","521076","521076"
"1048329","521381","521381","521381"
"1048730","521581","521581","521581"
"1048981","521706","521706","521706"
"1049724","522076","522076","522076"
"1050039","522233","522233","522233"
"1050623","522524","522524","522524"
"1051031","522727","522727","522727"
"1051593","523007","523007","523007"
"1052315","523367","523367","523367"
"1053003","523710","523710","523710"
"1053278","523847","523847","523847"
"1053577","523996","523996","523996"
"1053978","524196","524196","524196"
"1054379","524396","524396","524396"
"1054610","524511","524511","524511"
"1055011","524711","524711","524711"
"1055412","524911","524911","524911"
"1055721","525065","525065","525065"
"1056526","525466","525466","525466"
"1056809","525607","525607","525607"
"1057122","525763","525763","525763"
"1057421","525912","525912","525912"
"1058029","526215","526215","526215"
"1058300","526350","526350","526350"
"1058515","526457","526457","526457"
"1058916","526657","526657","526657"
"1059382","526889","526889","526889"
"1060223","527308","527308","527308"
"1060542","527467","527467","527467"
"1061525","527957","527957","527957"
"1062045","528216","528216","528216"
"1062637","528511","528511","528511"
"1062894","528639","528639","528639"
"1063181","528782","528782","528782"
"1064132","529256","529256","529256"
"1064533","529456","529456","529456"
"1064934","529656","529656","529656"
"1065159","529768","529768","529768"
"1065466","529921","529921","529921"
"1065854","530114","530114","530114"
"1066069","530221","530221","530221"
"1066470","530421","530421","530421"
"1067399","530884","530884","530884"
"1067728","531048","531048","531048"
"1068129","531248","531248","531248"
"1068504","531435","531435","531435"
"1068905","531635","531635","531635"
"1069132","531748","531748","531748"
"1069321","531842","531842","531842"
"1070075","532218","532218","532218"
"1070847","532603","532603","532603"
"1071068","532713","532713","532713"
"1071419","532888","532888","532888"
"1071632","532994","532994","532994"
"1071843","533099","533099","533099"
"1072505","533429","533429","533429"
"1072896","533624","533624","533624"
"1073523","533936","533936","533936"
"1074123","534235","534235","534235"
"1074492","534419","534419","534419"
"1075100","534722","534722","534722"
"1075401","534872","534872","534872"
"1075959","535150","535150","535150"
"1076268","535304","535304","535304"
"1077259","535798","535798","535798"
"1077596","535966","535966","535966"
"1078641","536487","536487","536487"
"1079093","536712","536712","536712"
"1079494","536912","536912","536912"
"1079789","537059","537059","537059"
"1080048","537188","537188","537188"
"1080419","537373","537373","537373"
"1081219","537772","537772","537772"
"1081620","537972","537972","537972"
"1081903","538113","538113","538113"
"1082304","538313","538313","538313"
"1083062","538691","538691","538691"
"1083714","539016","539016","539016"
"1084406","539361","539361","539361"
"1084896","539605","539605","539605"
"1085199","539756","539756","539756"
"1086088","540199","540199","540199"
"1086307","540308","540308","540308"
"1087109","540708","540708","540708"
"1087510","540908","540908","540908"
"1087855","541080","541080","541080"
"1088493","541398","541398","541398"
"1088822","541562","541562","541562"
"1089223","541762","541762","541762"
"1089624","541962","541962","541962"
"1090557","542427","542427","542427"
"1090880","542588","542588","542588"
"1091410","542852","542852","542852"
"1091811","543052","543052","543052"
"1092403","543347","543347","543347"
"1093023","543656","543656","543656"
"1093298","543793","543793","543793"
"1093699","543993","543993","543993"
"1094010","544148","544148","544148"
"1094411","544348","544348","544348"
"1094748","544516","544516","544516"
"1095550","544916","544916","544916"
"1096276","545278","545278","545278"
"1096677","545478","545478","545478"
"1096990","545634","545634","545634"
"1097201","545739","545739","545739"
"1098112","546193","546193","546193"
"1098686","546479","546479","546479"
"1098983","546627","546627","546627"
"1099160","546715","546715","546715"
"1099561","546915","546915","546915"
"1099776","547022","547022","547022"
"1100492","547379","547379","547379"
"1100893","547579","547579","547579"
"1101535","547899","547899","547899"
"1101989","548125","548125","548125"
"1102390","548325","548325","548325"
"1102791","548525","548525","548525"
"1103475","548866","548866","548866"
"1104065","549160","549160","549160"
"1104396","549325","549325","549325"
"1104797","549525","549525","549525"
"1105198","549725","549725","549725"
"1106149","550199","550199","550199"
"1106827","550537","550537","550537"
"1107022","550634","550634","550634"
"1107321","550783","550783","550783"
"1107624","550934","550934","550934"
"1108409","551325","551325","551325"
"1108714","551477","551477","551477"
"1108989","551614","551614","551614"
"1109340","551789","551789","551789"
"1109741","551989","551989","551989"
"1110437","552336","552336","552336"
"1111153","552693","552693","552693"
"1111554","552893","552893","552893"
"1111847","553039","553039","553039"
"1112248","553239","553239","553239"
"1112886","553557","553557","553557"
"1113287","553757","553757","553757"
"1113979","554102","554102","554102"
"1114372","554298","554298","554298"
"1114703","554463","554463","554463"
"1115959","555089","555089","555089"
"1116360","555289","555289","555289"
"1116671","555444","555444","555444"
"1116986","555601","555601","555601"
"1117285","555750","555750","555750"
"1117686","555950","555950","555950"
"1117893","556053","556053","556053"
"1118910","556560","556560","556560"
"1119620","556914","556914","556914"
"1119957","557082","557082","557082"
"1120759","557482","557482","557482"
"1121317","557760","557760","557760"
"1122037","558119","558119","558119"
"1122438","558319","558319","558319"
"1122839","558519","558519","558519"
"1124042","559119","559119","559119"
"1125785","559988","559988","559988"
"1126550","560369","560369","560369"
"1126731","560459","560459","560459"
"1127074","560630","560630","560630"
"1127475","560830","560830","560830"
"1128159","561171","561171","561171"
"1128432","561307","561307","561307"
"1129234","561707","561707","561707"
"1129635","561907","561907","561907"
"1130030","562104","562104","562104"
"1130832","562504","562504","562504"
"1131233","562704","562704","562704"
"1131524","562849","562849","562849"
"1131925","563049","563049","563049"
"1132294","563233","563233","563233"
"1133361","563765","563765","563765"
"1134163","564165","564165","564165"
"1134516","564341","564341","564341"
"1134917","564541","564541","564541"
"1135719","564941","564941","564941"
"1136345","565253","565253","565253"
"1136666","565413","565413","565413"
"1137067","565613","565613","565613"
"1137757","565957","565957","565957"
"1138158","566157","566157","566157"
"1138503","566329","566329","566329"
"1138904","566529","566529","566529"
"1140107","567129","567129","567129"
"1141068","567608","567608","567608"
"1141469","567808","567808","567808"
"1141870","568008","568008","568008"
"1142271","568208","568208","568208"
"1142672","568408","568408","568408"
"1143470","568806","568806","568806"
"1143767","568954","568954","568954"
"1144441","569290","569290","569290"
"1144842","569490","569490","569490"
"1145783","569959","569959","569959"
"1146446","570289","570289","570289"
"1147956","571042","571042","571042"
"1149065","571595","571595","571595"
"1149739","571931","571931","571931"
"1150140","572131","572131","572131"
"1150541","572331","572331","572331"
"1150842","572481","572481","572481"
"1151243","572681","572681","572681"
"1152045","573081","573081","573081"
"1152847","573481","573481","573481"
"1153507","573810","573810","573810"
"1153908","574010","574010","574010"
"1154309","574210","574210","574210"
"1154626","574368","574368","574368"
"1155027","574568","574568","574568"
"1155428","574768","574768","574768"
"1156547","575326","575326","575326"
"1156948","575526","575526","575526"
"1157259","575681","575681","575681"
"1157941","576021","576021","576021"
"1158743","576421","576421","576421"
"1159144","576621","576621","576621"
"1160347","577221","577221","577221"
"1160748","577421","577421","577421"
"1161149","577621","577621","577621"
"1161550","577821","577821","577821"
"1162352","578221","578221","578221"
"1162701","578395","578395","578395"
"1162976","578532","578532","578532"
"1163377","578732","578732","578732"
"1163778","578932","578932","578932"
"1164179","579132","579132","579132"
"1164580","579332","579332","579332"
"1164981","579532","579532","579532"
"1166319","580199","580199","580199"
"1166720","580399","580399","580399"
"1167829","580952","580952","580952"
"1168230","581152","581152","581152"
"1168631","581352","581352","581352"
"1169032","581552","581552","581552"
"1170464","582266","582266","582266"
"1171086","582576","582576","582576"
"1171888","582976","582976","582976"
"1172279","583171","583171","583171"
"1172594","583328","583328","583328"
"1172995","583528","583528","583528"
"1173396","583728","583728","583728"
"1173797","583928","583928","583928"
"1174198","584128","584128","584128"
"1174599","584328","584328","584328"
"1175167","584611","584611","584611"
"1175568","584811","584811","584811"
"1175969","585011","585011","585011"
"1176370","585211","585211","585211"
"1176701","585376","585376","585376"
"1177102","585576","585576","585576"
"1177840","585944","585944","585944"
"1179043","586544","586544","586544"
"1179845","586944","586944","586944"
"1180246","587144","587144","587144"
"1180647","587344","587344","587344"
"1181048","587544","587544","587544"
"1181758","587898","587898","587898"
"1182159","588098","588098","588098"
"1182915","588475","588475","588475"
"1183236","588635","588635","588635"
"1183637","588835","588835","588835"
"1184373","589202","589202","589202"
"1184588","589309","589309","589309"
"1185236","589632","589632","589632"
"1185603","589815","589815","589815"
"1186373","590199","590199","590199"
"1186694","590359","590359","590359"
"1187095","590559","590559","590559"
"1187292","590657","590657","590657"
"1187952","590986","590986","590986"
"1188353","591186","591186","591186"
"1189065","591541","591541","591541"
"1189466","591741","591741","591741"
"1189867","591941","591941","591941"
"1191269","592640","592640","592640"
"1191636","592823","592823","592823"
"1192906","593456","593456","593456"
"1194085","594044","594044","594044"
"1194486","594244","594244","594244"
"1194759","594380","594380","594380"
"1195046","594523","594523","594523"
"1195692","594845","594845","594845"
"1196887","595441","595441","595441"
"1197238","595616","595616","595616"
"1197621","595807","595807","595807"
"1198423","596207","596207","596207"
"1199211","596600","596600","596600"
"1200771","597378","597378","597378"
"1201056","597520","597520","597520"
"1201858","597920","597920","597920"
"1202259","598120","598120","598120"
"1202594","598287","598287","598287"
"1202859","598419","598419","598419"
"1203260","598619","598619","598619"
"1203577","598777","598777","598777"
"1203978","598977","598977","598977"
"1204339","599157","599157","599157"
"1205316","599644","599644","599644"
"1206430","600199","600199","600199"
"1206685","600326","600326","600326"
"1207068","600517","600517","600517"
"1207465","600715","600715","600715"
"1207840","600902","600902","600902"
"1208241","601102","601102","601102"
"1208606","601284","601284","601284"
"1208935","601448","601448","601448"
"1209324","601642","601642","601642"
"1209619","601789","601789","601789"
"1209914","601936","601936","601936"
"1210219","602088","602088","602088"
"1210620","602288","602288","602288"
"1210927","602441","602441","602441"
"1211956","602954","602954","602954"
"1213404","603676","603676","603676"
"1213771","603859","603859","603859"
"1214928","604436","604436","604436"
"1215273","604608","604608","604608"
"1215859","604900","604900","604900"
"1216100","605020","605020","605020"
"1216501","605220","605220","605220"
"1216658","605298","605298","605298"
"1217110","605523","605523","605523"
"1217511","605723","605723","605723"
"1218197","606065","606065","606065"
"1218598","606265","606265","606265"
"1218895","606413","606413","606413"
"1219098","606514","606514","606514"
"1219307","606618","606618","606618"
"1219708","606818","606818","606818"
"1220109","607018","607018","607018"
"1220911","607418","607418","607418"
"1221312","607618","607618","607618"
"1221581","607752","607752","607752"
"1221828","607875","607875","607875"
"1222229","608075","608075","608075"
"1223015","608467","608467","608467"
"1223416","608667","608667","608667"
"1224218","609067","609067","609067"
"1224609","609262","609262","609262"
"1225010","609462","609462","609462"
"1225694","609803","609803","609803"
"1225963","609937","609937","609937"
"1226425","610167","610167","610167"
"1227167","610537","610537","610537"
"1227568","610737","610737","610737"
"1227891","610898","610898","610898"
"1228052","610978","610978","610978"
"1228453","611178","611178","611178"
"1228760","611331","611331","611331"
"1229059","611480","611480","611480"
"1229376","611638","611638","611638"
"1229761","611830","611830","611830"
"1230096","611997","611997","611997"
"1230497","612197","612197","612197"
"1231418","612656","612656","612656"
"1231819","612856","612856","612856"
"1232136","613014","613014","613014"
"1232898","613394","613394","613394"
"1233700","613794","613794","613794"
"1234101","613994","613994","613994"
"1234484","614185","614185","614185"
"1234735","614310","614310","614310"
"1235279","614581","614581","614581"
"1235586","614734","614734","614734"
"1235749","614815","614815","614815"
"1236150","615015","615015","615015"
"1237195","615536","615536","615536"
"1237558","615717","615717","615717"
"1237959","615917","615917","615917"
"1238360","616117","616117","616117"
"1239162","616517","616517","616517"
"1239563","616717","616717","616717"
"1239964","616917","616917","616917"
"1240137","617003","617003","617003"
"1240538","617203","617203","617203"
"1241116","617491","617491","617491"
"1241918","617891","617891","617891"
"1242143","618003","618003","618003"
"1242544","618203","618203","618203"
"1244096","618977","618977","618977"
"1244628","619242","619242","619242"
"1245029","619442","619442","619442"
"1245230","619542","619542","619542"
"1245415","619634","619634","619634"
"1245816","619834","619834","619834"
"1246364","620107","620107","620107"
"1246765","620307","620307","620307"
"1247166","620507","620507","620507"
"1247782","620814","620814","620814"
"1248183","621014","621014","621014"
"1248955","621399","621399","621399"
"1249617","621729","621729","621729"
"1250018","621929","621929","621929"
"1250419","622129","622129","622129"
"1250812","622325","622325","622325"
"1251781","622808","622808","622808"
"1252533","623183","623183","623183"
"1252934","623383","623383","623383"
"1253267","623549","623549","623549"
"1253448","623639","623639","623639"
"1253849","623839","623839","623839"
"1254250","624039","624039","624039"
"1254651","624239","624239","624239"
"1255052","624439","624439","624439"
"1255453","624639","624639","624639"
"1255854","624839","624839","624839"
"1256043","624933","624933","624933"
"1256444","625133","625133","625133"
"1257146","625483","625483","625483"
"1257399","625609","625609","625609"
"1257576","625697","625697","625697"
"1258332","626074","626074","626074"
"1258733","626274","626274","626274"
"1259092","626453","626453","626453"
"1259297","626555","626555","626555"
"1259698","626755","626755","626755"
"1260294","627052","627052","627052"
"1260651","627230","627230","627230"
"1261301","627554","627554","627554"
"1261702","627754","627754","627754"
"1261931","627868","627868","627868"
"1262559","628181","628181","628181"
"1263305","628553","628553","628553"
"1263602","628701","628701","628701"
"1263955","628877","628877","628877"
"1264314","629056","629056","629056"
"1264715","629256","629256","629256"
"1265283","629539","629539","629539"
"1265486","629640","629640","629640"
"1265887","629840","629840","629840"
"1266106","629949","629949","629949"
"1266608","630199","630199","630199"
"1267168","630478","630478","630478"
"1267569","630678","630678","630678"
"1267970","630878","630878","630878"
"1268371","631078","631078","631078"
"1268592","631188","631188","631188"
"1269186","631484","631484","631484"
"1269587","631684","631684","631684"
"1269988","631884","631884","631884"
"1271592","632684","632684","632684"
"1271923","632849","632849","632849"
"1272324","633049","633049","633049"
"1272884","633328","633328","633328"
"1273285","633528","633528","633528"
"1273686","633728","633728","633728"
"1274629","634198","634198","634198"
"1274792","634279","634279","634279"
"1275594","634679","634679","634679"
"1275803","634783","634783","634783"
"1276305","635033","635033","635033"
"1276706","635233","635233","635233"
"1277031","635395","635395","635395"
"1277432","635595","635595","635595"
"1277613","635685","635685","635685"
"1277800","635778","635778","635778"
"1278201","635978","635978","635978"
"1278602","636178","636178","636178"
"1279404","636578","636578","636578"
"1279691","636721","636721","636721"
"1280092","636921","636921","636921"
"1280493","637121","637121","637121"
"1281696","637721","637721","637721"
"1282097","637921","637921","637921"
"1282623","638183","638183","638183"
"1283024","638383","638383","638383"
"1283425","638583","638583","638583"
"1284889","639313","639313","639313"
"1285190","639463","639463","639463"
"1286241","639987","639987","639987"
"1286551","640141","640141","640141"
"1287151","640440","640440","640440"
"1287895","640811","640811","640811"
"1288447","641086","641086","641086"
"1289650","641686","641686","641686"
"1289869","641795","641795","641795"
"1290242","641981","641981","641981"
"1290493","642106","642106","642106"
"1291668","642692","642692","642692"
"1291847","642781","642781","642781"
"1292407","643060","643060","643060"
"1292770","643241","643241","643241"
"1293450","643580","643580","643580"
"1293851","643780","643780","643780"
"1294491","644099","644099","644099"
"1294892","644299","644299","644299"
"1295287","644496","644496","644496"
"1295829","644766","644766","644766"
"1296230","644966","644966","644966"
"1296631","645166","645166","645166"
"1297191","645445","645445","645445"
"1297592","645645","645645","645645"
"1297993","645845","645845","645845"
"1298382","646039","646039","646039"
"1298705","646200","646200","646200"
"1299903","646797","646797","646797"
"1300266","646978","646978","646978"
"1300667","647178","647178","647178"
"1301068","647378","647378","647378"
"1301233","647460","647460","647460"
"1301933","647809","647809","647809"
"1302194","647939","647939","647939"
"1302656","648169","648169","648169"
"1303057","648369","648369","648369"
"1303633","648656","648656","648656"
"1304401","649039","649039","649039"
"1304712","649194","649194","649194"
"1305079","649377","649377","649377"
"1306096","649884","649884","649884"
"1307190","650429","650429","650429"
"1307591","650629","650629","650629"
"1307850","650758","650758","650758"
"1308222","650943","650943","650943"
"1308894","651278","651278","651278"
"1309275","651468","651468","651468"
"1310050","651854","651854","651854"
"1310852","652254","652254","652254"
"1311253","652454","652454","652454"
"1311807","652730","652730","652730"
"1312164","652908","652908","652908"
"1312449","653050","653050","653050"
"1313626","653637","653637","653637"
"1314410","654028","654028","654028"
"1314739","654192","654192","654192"
"1315552","654597","654597","654597"
"1315953","654797","654797","654797"
"1316192","654916","654916","654916"
"1317395","655516","655516","655516"
"1317604","655620","655620","655620"
"1317801","655718","655718","655718"
"1318000","655817","655817","655817"
"1318337","655985","655985","655985"
"1318738","656185","656185","656185"
"1319366","656498","656498","656498"
"1319767","656698","656698","656698"
"1320696","657161","657161","657161"
"1321059","657342","657342","657342"
"1321460","657542","657542","657542"
"1322663","658142","658142","658142"
"1322990","658305","658305","658305"
"1323391","658505","658505","658505"
"1323761","658689","658689","658689"
"1323978","658797","658797","658797"
"1324379","658997","658997","658997"
"1324780","659197","659197","659197"
"1326242","659926","659926","659926"
"1326756","660182","660182","660182"
"1327157","660382","660382","660382"
"1328737","661170","661170","661170"
"1329295","661448","661448","661448"
"1329696","661648","661648","661648"
"1330089","661844","661844","661844"
"1330490","662044","662044","662044"
"1331292","662444","662444","662444"
"1331485","662540","662540","662540"
"1331886","662740","662740","662740"
"1332231","662912","662912","662912"
"1333168","663379","663379","663379"
"1333569","663579","663579","663579"
"1333970","663779","663779","663779"
"1334371","663979","663979","663979"
"1334692","664139","664139","664139"
"1335093","664339","664339","664339"
"1335494","664539","664539","664539"
"1337115","665347","665347","665347"
"1337296","665437","665437","665437"
"1338566","666070","666070","666070"
"1338931","666252","666252","666252"
"1339332","666452","666452","666452"
"1339723","666647","666647","666647"
"1340124","666847","666847","666847"
"1340473","667021","667021","667021"
"1340680","667124","667124","667124"
"1341081","667324","667324","667324"
"1341701","667633","667633","667633"
"1342102","667833","667833","667833"
"1342503","668033","668033","668033"
"1342904","668233","668233","668233"
"1343199","668380","668380","668380"
"1343600","668580","668580","668580"
"1344001","668780","668780","668780"
"1344402","668980","668980","668980"
"1345179","669367","669367","669367"
"1345470","669512","669512","669512"
"1346048","669800","669800","669800"
"1346837","670193","670193","670193"
"1347008","670278","670278","670278"
"1347648","670597","670597","670597"
"1347999","670772","670772","670772"
"1348400","670972","670972","670972"
"1348767","671155","671155","671155"
"1349168","671355","671355","671355"
"1349363","671452","671452","671452"
"1349764","671652","671652","671652"
"1350478","672008","672008","672008"
"1350867","672202","672202","672202"
"1351268","672402","672402","672402"
"1352070","672802","672802","672802"
"1352471","673002","673002","673002"
"1352872","673202","673202","673202"
"1353480","673505","673505","673505"
"1353881","673705","673705","673705"
"1355680","674602","674602","674602"
"1356292","674907","674907","674907"
"1356581","675051","675051","675051"
"1356884","675202","675202","675202"
"1357686","675602","675602","675602"
"1358019","675768","675768","675768"
"1358821","676168","676168","676168"
"1359830","676671","676671","676671"
"1360231","676871","676871","676871"
"1360436","676973","676973","676973"
"1361164","677336","677336","677336"
"1361475","677491","677491","677491"
"1362478","677991","677991","677991"
"1363880","678690","678690","678690"
"1364085","678792","678792","678792"
"1364258","678878","678878","678878"
"1364884","679190","679190","679190"
"1365201","679348","679348","679348"
"1365358","679426","679426","679426"
"1365721","679607","679607","679607"
"1366429","679960","679960","679960"
"1367856","680671","680671","680671"
"1368257","680871","680871","680871"
"1368851","681167","681167","681167"
"1369144","681313","681313","681313"
"1369704","681592","681592","681592"
"1370506","681992","681992","681992"
"1371523","682499","682499","682499"
"1371924","682699","682699","682699"
"1372655","683063","683063","683063"
"1372834","683152","683152","683152"
"1373177","683323","683323","683323"
"1373578","683523","683523","683523"
"1373979","683723","683723","683723"
"1374174","683820","683820","683820"
"1374545","684005","684005","684005"
"1374946","684205","684205","684205"
"1375321","684392","684392","684392"
"1376019","684740","684740","684740"
"1376765","685112","685112","685112"
"1376966","685212","685212","685212"
"1377740","685598","685598","685598"
"1378141","685798","685798","685798"
"1378542","685998","685998","685998"
"1378737","686095","686095","686095"
"1379539","686495","686495","686495"
"1380145","686797","686797","686797"
"1380947","687197","687197","687197"
"1381738","687591","687591","687591"
"1382761","688101","688101","688101"
"1383501","688470","688470","688470"
"1384129","688783","688783","688783"
"1385273","689353","689353","689353"
"1385674","689553","689553","689553"
"1386075","689753","689753","689753"
"1386302","689866","689866","689866"
"1386777","690102","690102","690102"
"1386972","690199","690199","690199"
"1387373","690399","690399","690399"
"1387977","690700","690700","690700"
"1388192","690807","690807","690807"
"1388920","691170","691170","691170"
"1389321","691370","691370","691370"
"1389480","691449","691449","691449"
"1389871","691644","691644","691644"
"1390886","692150","692150","692150"
"1391961","692686","692686","692686"
"1392188","692799","692799","692799"
"1392589","692999","692999","692999"
"1392990","693199","693199","693199"
"1393225","693316","693316","693316"
"1393626","693516","693516","693516"
"1394428","693916","693916","693916"
"1395014","694208","694208","694208"
"1395758","694579","694579","694579"
"1396159","694779","694779","694779"
"1396560","694979","694979","694979"
"1396773","695085","695085","695085"
"1396946","695171","695171","695171"
"1397289","695342","695342","695342"
"1397690","695542","695542","695542"
"1398286","695839","695839","695839"
"1398669","696030","696030","696030"
"1398924","696157","696157","696157"
"1399608","696498","696498","696498"
"1400222","696804","696804","696804"
"1400617","697001","697001","697001"
"1402011","697696","697696","697696"
"1402412","697896","697896","697896"
"1402813","698096","698096","698096"
"1403102","698240","698240","698240"
"1403275","698326","698326","698326"
"1404069","698722","698722","698722"
"1404470","698922","698922","698922"
"1404683","699028","699028","699028"
"1405485","699428","699428","699428"
"1405886","699628","699628","699628"
"1406067","699718","699718","699718"
"1406304","699836","699836","699836"
"1406986","700176","700176","700176"
"1407185","700275","700275","700275"
"1407516","700440","700440","700440"
"1408234","700798","700798","700798"
"1409291","701325","701325","701325"
"1409692","701525","701525","701525"
"1410494","701925","701925","701925"
"1411296","702325","702325","702325"
"1412010","702681","702681","702681"
"1412670","703010","703010","703010"
"1413071","703210","703210","703210"
"1413472","703410","703410","703410"
"1413661","703504","703504","703504"
"1413878","703612","703612","703612"
"1414279","703812","703812","703812"
"1414576","703960","703960","703960"
"1414941","704142","704142","704142"
"1415342","704342","704342","704342"
"1415743","704542","704542","704542"
"1416144","704742","704742","704742"
"1416545","704942","704942","704942"
"1416922","705130","705130","705130"
"1417323","705330","705330","705330"
"1417724","705530","705530","705530"
"1417963","705649","705649","705649"
"1418356","705845","705845","705845"
"1419096","706214","706214","706214"
"1419497","706414","706414","706414"
"1420063","706696","706696","706696"
"1420464","706896","706896","706896"
"1420721","707024","707024","707024"
"1421461","707393","707393","707393"
"1421650","707487","707487","707487"
"1422051","707687","707687","707687"
"1422452","707887","707887","707887"
"1422853","708087","708087","708087"
"1423146","708233","708233","708233"
"1423948","708633","708633","708633"
"1424159","708738","708738","708738"
"1424362","708839","708839","708839"
"1425130","709222","709222","709222"
"1425531","709422","709422","709422"
"1425876","709594","709594","709594"
"1426277","709794","709794","709794"
"1426630","709970","709970","709970"
"1427491","710399","710399","710399"
"1427892","710599","710599","710599"
"1428293","710799","710799","710799"
"1428985","711144","711144","711144"
"1429910","711605","711605","711605"
"1430674","711986","711986","711986"
"1431116","712206","712206","712206"
"1431517","712406","712406","712406"
"1431918","712606","712606","712606"
"1432319","712806","712806","712806"
"1432544","712918","712918","712918"
"1432779","713035","713035","713035"
"1433646","713467","713467","713467"
"1433981","713634","713634","713634"
"1434220","713753","713753","713753"
"1434588","713936","713936","713936"
"1435380","714331","714331","714331"
"1435635","714458","714458","714458"
"1436838","715058","715058","715058"
"1438041","715658","715658","715658"
"1438442","715858","715858","715858"
"1438843","716058","716058","716058"
"1439144","716208","716208","716208"
"1440347","716808","716808","716808"
"1440748","717008","717008","717008"
"1441149","717208","717208","717208"
"1441498","717382","717382","717382"
"1441671","717468","717468","717468"
"1442036","717650","717650","717650"
"1442838","718050","718050","718050"
"1443360","718310","718310","718310"
"1444106","718682","718682","718682"
"1444704","718980","718980","718980"
"1446547","719899","719899","719899"
"1446907","720078","720078","720078"
"1447068","720158","720158","720158"
"1447381","720314","720314","720314"
"1447568","720407","720407","720407"
"1447969","720607","720607","720607"
"1448204","720724","720724","720724"
"1448850","721046","721046","721046"
"1449857","721548","721548","721548"
"1450413","721825","721825","721825"
"1450588","721912","721912","721912"
"1450785","722010","722010","722010"
"1450972","722103","722103","722103"
"1451167","722200","722200","722200"
"1451568","722400","722400","722400"
"1451777","722504","722504","722504"
"1452650","722939","722939","722939"
"1453452","723339","723339","723339"
"1453853","723539","723539","723539"
"1454254","723739","723739","723739"
"1454471","723847","723847","723847"
"1454872","724047","724047","724047"
"1455663","724441","724441","724441"
"1456064","724641","724641","724641"
"1456664","724940","724940","724940"
"1457867","725540","725540","725540"
"1458968","726089","726089","726089"
"1459331","726270","726270","726270"
"1460304","726755","726755","726755"
"1460705","726955","726955","726955"
"1460934","727069","727069","727069"
"1461165","727184","727184","727184"
"1461967","727584","727584","727584"
"1462368","727784","727784","727784"
"1462769","727984","727984","727984"
"1463451","728324","728324","728324"
"1463684","728440","728440","728440"
"1464980","729086","729086","729086"
"1465578","729384","729384","729384"
"1465979","729584","729584","729584"
"1466577","729882","729882","729882"
"1467983","730583","730583","730583"
"1468785","730983","730983","730983"
"1469186","731183","731183","731183"
"1469573","731376","731376","731376"
"1470231","731704","731704","731704"
"1470632","731904","731904","731904"
"1470979","732077","732077","732077"
"1471637","732405","732405","732405"
"1472439","732805","732805","732805"
"1473043","733106","733106","733106"
"1473286","733227","733227","733227"
"1473997","733581","733581","733581"
"1474398","733781","733781","733781"
"1474799","733981","733981","733981"
"1475120","734141","734141","734141"
"1475742","734451","734451","734451"
"1475915","734537","734537","734537"
"1476316","734737","734737","734737"
"1477125","735140","735140","735140"
"1477880","735516","735516","735516"
"1478063","735607","735607","735607"
"1478464","735807","735807","735807"
"1478701","735925","735925","735925"
"1478972","736060","736060","736060"
"1479143","736145","736145","736145"
"1479945","736545","736545","736545"
"1480134","736639","736639","736639"
"1480535","736839","736839","736839"
"1480722","736932","736932","736932"
"1481478","737309","737309","737309"
"1481820","737479","737479","737479"
"1482221","737679","737679","737679"
"1482809","737972","737972","737972"
"1483507","738320","738320","738320"
"1483762","738447","738447","738447"
"1484087","738609","738609","738609"
"1484803","738966","738966","738966"
"1484988","739058","739058","739058"
"1486270","739697","739697","739697"
"1486507","739815","739815","739815"
"1487448","740284","740284","740284"
"1487849","740484","740484","740484"
"1488439","740778","740778","740778"
"1488752","740934","740934","740934"
"1489153","741134","741134","741134"
"1489767","741440","741440","741440"
"1490132","741622","741622","741622"
"1490533","741822","741822","741822"
"1490934","742022","742022","742022"
"1491335","742222","742222","742222"
"1491524","742316","742316","742316"
"1492316","742711","742711","742711"
"1493121","743112","743112","743112"
"1494267","743683","743683","743683"
"1494668","743883","743883","743883"
"1494861","743979","743979","743979"
"1495262","744179","744179","744179"
"1496478","744785","744785","744785"
"1497206","745148","745148","745148"
"1499206","746145","746145","746145"
"1499413","746248","746248","746248"
"1499814","746448","746448","746448"
"1500215","746648","746648","746648"
"1500408","746744","746744","746744"
"1500809","746944","746944","746944"
"1501170","747124","747124","747124"
"1501341","747209","747209","747209"
"1501742","747409","747409","747409"
"1502124","747599","747599","747599"
"1502361","747717","747717","747717"
"1502554","747813","747813","747813"
"1502955","748013","748013","748013"
"1503242","748156","748156","748156"
"1504044","748556","748556","748556"
"1504846","748956","748956","748956"
"1505041","749053","749053","749053"
"1505374","749219","749219","749219"
"1505775","749419","749419","749419"
"1506176","749619","749619","749619"
"1507192","750125","750125","750125"
"1507702","750379","750379","750379"
"1507883","750469","750469","750469"
"1508284","750669","750669","750669"
"1508685","750869","750869","750869"
"1509086","751069","751069","751069"
"1509487","751269","751269","751269"
"1509748","751399","751399","751399"
"1510149","751599","751599","751599"
"1511305","752175","752175","752175"
"1511580","752312","752312","752312"
"1511981","752512","752512","752512"
"1512992","753016","753016","753016"
"1513393","753216","753216","753216"
"1514414","753725","753725","753725"
"1515796","754414","754414","754414"
"1516197","754614","754614","754614"
"1516781","754905","754905","754905"
"1517557","755292","755292","755292"
"1517754","755390","755390","755390"
"1518155","755590","755590","755590"
"1519762","756391","756391","756391"
"1520739","756878","756878","756878"
"1521140","757078","757078","757078"
"1521403","757209","757209","757209"
"1522105","757559","757559","757559"
"1522506","757759","757759","757759"
"1522907","757959","757959","757959"
"1523182","758096","758096","758096"
"1524235","758621","758621","758621"
"1524923","758964","758964","758964"
"1525134","759069","759069","759069"
"1525499","759251","759251","759251"
"1526364","759682","759682","759682"
"1526882","759940","759940","759940"
"1527218","760107","760107","760107"
"1527573","760284","760284","760284"
"1528135","760564","760564","760564"
"1528536","760764","760764","760764"
"1528777","760884","760884","760884"
"1529016","761003","761003","761003"
"1529417","761203","761203","761203"
"1529628","761308","761308","761308"
"1530836","761910","761910","761910"
"1531638","762310","762310","762310"
"1532338","762659","762659","762659"
"1532549","762764","762764","762764"
"1532950","762964","762964","762964"
"1533253","763115","763115","763115"
"1533654","763315","763315","763315"
"1534055","763515","763515","763515"
"1535659","764315","764315","764315"
"1535948","764459","764459","764459"
"1536750","764859","764859","764859"
"1536981","764974","764974","764974"
"1537382","765174","765174","765174"
"1537783","765374","765374","765374"
"1538002","765483","765483","765483"
"1538696","765829","765829","765829"
"1539124","766042","766042","766042"
"1539912","766435","766435","766435"
"1540087","766522","766522","766522"
"1540352","766654","766654","766654"
"1540753","766854","766854","766854"
"1541211","767082","767082","767082"
"1541450","767201","767201","767201"
"1542289","767619","767619","767619"
"1542690","767819","767819","767819"
"1543867","768406","768406","768406"
"1544090","768517","768517","768517"
"1544443","768693","768693","768693"
"1544686","768814","768814","768814"
"1544865","768903","768903","768903"
"1546449","769693","769693","769693"
"1546662","769799","769799","769799"
"1546867","769901","769901","769901"
"1547465","770199","770199","770199"
"1547674","770303","770303","770303"
"1548075","770503","770503","770503"
"1548839","770884","770884","770884"
"1549228","771078","771078","771078"
"1549629","771278","771278","771278"
"1549796","771361","771361","771361"
"1550197","771561","771561","771561"
"1550370","771647","771647","771647"
"1550972","771947","771947","771947"
"1551337","772129","772129","772129"
"1551935","772427","772427","772427"
"1552513","772715","772715","772715"
"1553692","773303","773303","773303"
"1553903","773408","773408","773408"
"1554304","773608","773608","773608"
"1554679","773795","773795","773795"
"1555080","773995","773995","773995"
"1556043","774475","774475","774475"
"1556246","774576","774576","774576"
"1556647","774776","774776","774776"
"1557048","774976","774976","774976"
"1557449","775176","775176","775176"
"1557850","775376","775376","775376"
"1558251","775576","775576","775576"
"1558438","775669","775669","775669"
"1558906","775902","775902","775902"
"1559307","776102","776102","776102"
"1559981","776438","776438","776438"
"1560629","776761","776761","776761"
"1561245","777068","777068","777068"
"1561815","777352","777352","777352"
"1562128","777508","777508","777508"
"1562529","777708","777708","777708"
"1562806","777846","777846","777846"
"1563207","778046","778046","778046"
"1563506","778195","778195","778195"
"1563907","778395","778395","778395"
"1564605","778743","778743","778743"
"1564822","778851","778851","778851"
"1565051","778965","778965","778965"
"1565853","779365","779365","779365"
"1566254","779565","779565","779565"
"1566477","779676","779676","779676"
"1566752","779813","779813","779813"
"1566973","779923","779923","779923"
"1567527","780199","780199","780199"
"1567928","780399","780399","780399"
"1568143","780506","780506","780506"
"1568342","780605","780605","780605"
"1568743","780805","780805","780805"
"1569144","781005","781005","781005"
"1569469","781167","781167","781167"
"1569696","781280","781280","781280"
"1570097","781480","781480","781480"
"1570498","781680","781680","781680"
"1571234","782047","782047","782047"
"1571579","782219","782219","782219"
"1571802","782330","782330","782330"
"1572203","782530","782530","782530"
"1573850","783351","783351","783351"
"1574145","783498","783498","783498"
"1574326","783588","783588","783588"
"1574549","783699","783699","783699"
"1574874","783861","783861","783861"
"1575336","784091","784091","784091"
"1576301","784572","784572","784572"
"1577103","784972","784972","784972"
"1577905","785372","785372","785372"
"1578689","785763","785763","785763"
"1578934","785885","785885","785885"
"1579121","785978","785978","785978"
"1579300","786067","786067","786067"
"1579641","786237","786237","786237"
"1580042","786437","786437","786437"
"1580844","786837","786837","786837"
"1581817","787322","787322","787322"
"1582218","787522","787522","787522"
"1582619","787722","787722","787722"
"1583020","787922","787922","787922"
"1583421","788122","788122","788122"
"1583780","788301","788301","788301"
"1584151","788486","788486","788486"
"1584552","788686","788686","788686"
"1584817","788818","788818","788818"
"1585341","789079","789079","789079"
"1585742","789279","789279","789279"
"1586143","789479","789479","789479"
"1586498","789656","789656","789656"
"1587867","790338","790338","790338"
"1588114","790461","790461","790461"
"1588515","790661","790661","790661"
"1588916","790861","790861","790861"
"1589544","791174","791174","791174"
"1590747","791774","791774","791774"
"1590944","791872","791872","791872"
"1591173","791986","791986","791986"
"1591753","792275","792275","792275"
"1592435","792615","792615","792615"
"1592676","792735","792735","792735"
"1592911","792852","792852","792852"
"1593713","793252","793252","793252"
"1593952","793371","793371","793371"
"1594588","793688","793688","793688"
"1596060","794422","794422","794422"
"1596325","794554","794554","794554"
"1596726","794754","794754","794754"
"1597127","794954","794954","794954"
"1597528","795154","795154","795154"
"1597894","795336","795336","795336"
"1598295","795536","795536","795536"
"1598532","795654","795654","795654"
"1598839","795807","795807","795807"
"1599240","796007","796007","796007"
"1599828","796300","796300","796300"
"1600444","796607","796607","796607"
"1601489","797128","797128","797128"
"1601890","797328","797328","797328"
"1603108","797935","797935","797935"
"1603509","798135","798135","798135"
"1603714","798237","798237","798237"
"1603949","798354","798354","798354"
"1604350","798554","798554","798554"
"1604751","798754","798754","798754"
"1605152","798954","798954","798954"
"1605762","799258","799258","799258"
"1606765","799758","799758","799758"
"1607166","799958","799958","799958"
"1608051","800399","800399","800399"
"1608452","800599","800599","800599"
"1608721","800733","800733","800733"
"1608936","800840","800840","800840"
"1609337","801040","801040","801040"
"1609945","801343","801343","801343"
"1610346","801543","801543","801543"
"1610583","801661","801661","801661"
"1610955","801846","801846","801846"
"1611601","802168","802168","802168"
"1612002","802368","802368","802368"
"1612317","802525","802525","802525"
"1612718","802725","802725","802725"
"1613119","802925","802925","802925"
"1613506","803118","803118","803118"
"1614308","803518","803518","803518"
"1614709","803718","803718","803718"
"1615110","803918","803918","803918"
"1615325","804025","804025","804025"
"1615726","804225","804225","804225"
"1616127","804425","804425","804425"
"1616845","804783","804783","804783"
"1617647","805183","805183","805183"
"1618291","805504","805504","805504"
"1618692","805704","805704","805704"
"1619356","806035","806035","806035"
"1619936","806324","806324","806324"
"1620213","806462","806462","806462"
"1620614","806662","806662","806662"
"1621015","806862","806862","806862"
"1621416","807062","807062","807062"
"1621743","807225","807225","807225"
"1622144","807425","807425","807425"
"1622451","807578","807578","807578"
"1622852","807778","807778","807778"
"1623253","807978","807978","807978"
"1623654","808178","808178","808178"
"1624456","808578","808578","808578"
"1625198","808948","808948","808948"
"1625599","809148","809148","809148"
"1625802","809249","809249","809249"
"1626203","809449","809449","809449"
"1627005","809849","809849","809849"
"1627707","810199","810199","810199"
"1628197","810443","810443","810443"
"1628598","810643","810643","810643"
"1628999","810843","810843","810843"
"1629400","811043","811043","811043"
"1629635","811160","811160","811160"
"1629886","811285","811285","811285"
"1631701","812190","812190","812190"
"1632102","812390","812390","812390"
"1632503","812590","812590","812590"
"1633305","812990","812990","812990"
"1633684","813179","813179","813179"
"1633997","813335","813335","813335"
"1634166","813419","813419","813419"
"1634792","813731","813731","813731"
"1635458","814063","814063","814063"
"1636489","814577","814577","814577"
"1636890","814777","814777","814777"
"1637291","814977","814977","814977"
"1637478","815070","815070","815070"
"1638367","815513","815513","815513"
"1638768","815713","815713","815713"
"1639169","815913","815913","815913"
"1639809","816232","816232","816232"
"1640910","816781","816781","816781"
"1641311","816981","816981","816981"
"1641712","817181","817181","817181"
"1642296","817472","817472","817472"
"1642697","817672","817672","817672"
"1644145","818394","818394","818394"
"1644546","818594","818594","818594"
"1644947","818794","818794","818794"
"1645132","818886","818886","818886"
"1645533","819086","819086","819086"
"1646548","819592","819592","819592"
"1646949","819792","819792","819792"
"1647350","819992","819992","819992"
"1647766","820199","820199","820199"
"1647971","820301","820301","820301"
"1648372","820501","820501","820501"
"1648773","820701","820701","820701"
"1649174","820901","820901","820901"
"1649810","821218","821218","821218"
"1650306","821465","821465","821465"
"1652119","822369","822369","822369"
"1652400","822509","822509","822509"
"1652801","822709","822709","822709"
"1653202","822909","822909","822909"
"1653603","823109","823109","823109"
"1654004","823309","823309","823309"
"1654405","823509","823509","823509"
"1654806","823709","823709","823709"
"1655011","823811","823811","823811"
"1655627","824118","824118","824118"
"1657446","825025","825025","825025"
"1657847","825225","825225","825225"
"1658421","825511","825511","825511"
"1658822","825711","825711","825711"
"1659011","825805","825805","825805"
"1659412","826005","826005","826005"
"1659950","826273","826273","826273"
"1660351","826473","826473","826473"
"1660556","826575","826575","826575"
"1660769","826681","826681","826681"
"1661501","827046","827046","827046"
"1662303","827446","827446","827446"
"1662504","827546","827546","827546"
"1662791","827689","827689","827689"
"1663192","827889","827889","827889"
"1663373","827979","827979","827979"
"1663622","828103","828103","828103"
"1664023","828303","828303","828303"
"1664825","828703","828703","828703"
"1665030","828805","828805","828805"
"1666485","829530","829530","829530"
"1667095","829834","829834","829834"
"1668228","830399","830399","830399"
"1668629","830599","830599","830599"
"1669030","830799","830799","830799"
"1669431","830999","830999","830999"
"1669832","831199","831199","831199"
"1670031","831298","831298","831298"
"1670432","831498","831498","831498"
"1671850","832205","832205","832205"
"1672039","832299","832299","832299"
"1672440","832499","832499","832499"
"1673052","832804","832804","832804"
"1673283","832919","832919","832919"
"1673464","833009","833009","833009"
"1674090","833321","833321","833321"
"1674281","833416","833416","833416"
"1674682","833616","833616","833616"
"1674909","833729","833729","833729"
"1675146","833847","833847","833847"
"1675547","834047","834047","834047"
"1675824","834185","834185","834185"
"1676225","834385","834385","834385"
"1677027","834785","834785","834785"
"1677428","834985","834985","834985"
"1677653","835097","835097","835097"
"1678265","835402","835402","835402"
"1678666","835602","835602","835602"
"1679067","835802","835802","835802"
"1679791","836163","836163","836163"
"1680551","836542","836542","836542"
"1680952","836742","836742","836742"
"1681660","837095","837095","837095"
"1682759","837643","837643","837643"
"1683231","837878","837878","837878"
"1683434","837979","837979","837979"
"1683835","838179","838179","838179"
"1684236","838379","838379","838379"
"1684884","838702","838702","838702"
"1685285","838902","838902","838902"
"1685520","839019","839019","839019"
"1686812","839663","839663","839663"
"1687213","839863","839863","839863"
"1689078","840793","840793","840793"
"1689479","840993","840993","840993"
"1689688","841097","841097","841097"
"1690523","841513","841513","841513"
"1690924","841713","841713","841713"
"1691259","841880","841880","841880"
"1691480","841990","841990","841990"
"1691881","842190","842190","842190"
"1692094","842296","842296","842296"
"1692287","842392","842392","842392"
"1692883","842689","842689","842689"
"1693267","842880","842880","842880"
"1693929","843210","843210","843210"
"1694922","843705","843705","843705"
"1695724","844105","844105","844105"
"1695989","844237","844237","844237"
"1696390","844437","844437","844437"
"1697593","845037","845037","845037"
"1697814","845147","845147","845147"
"1698215","845347","845347","845347"
"1698426","845452","845452","845452"
"1698827","845652","845652","845652"
"1699228","845852","845852","845852"
"1699589","846032","846032","846032"
"1699990","846232","846232","846232"
"1700570","846521","846521","846521"
"1700899","846685","846685","846685"
"1701300","846885","846885","846885"
"1701515","846992","846992","846992"
"1701971","847219","847219","847219"
"1702196","847331","847331","847331"
"1702407","847436","847436","847436"
"1702808","847636","847636","847636"
"1703382","847922","847922","847922"
"1703651","848056","848056","848056"
"1703916","848188","848188","848188"
"1704317","848388","848388","848388"
"1705119","848788","848788","848788"
"1705520","848988","848988","848988"
"1706723","849588","849588","849588"
"1706916","849684","849684","849684"
"1707317","849884","849884","849884"
"1708252","850350","850350","850350"
"1708501","850474","850474","850474"
"1709303","850874","850874","850874"
"1709704","851074","851074","851074"
"1710013","851228","851228","851228"
"1710878","851659","851659","851659"
"1712801","852618","852618","852618"
"1713373","852903","852903","852903"
"1714175","853303","853303","853303"
"1714853","853641","853641","853641"
"1715254","853841","853841","853841"
"1715445","853936","853936","853936"
"1715846","854136","854136","854136"
"1716247","854336","854336","854336"
"1716827","854625","854625","854625"
"1717419","854920","854920","854920"
"1718248","855333","855333","855333"
"1718649","855533","855533","855533"
"1718854","855635","855635","855635"
"1719255","855835","855835","855835"
"1719656","856035","856035","856035"
"1720057","856235","856235","856235"
"1720408","856410","856410","856410"
"1720809","856610","856610","856610"
"1721210","856810","856810","856810"
"1721611","857010","857010","857010"
"1721832","857120","857120","857120"
"1722035","857221","857221","857221"
"1722224","857315","857315","857315"
"1722625","857515","857515","857515"
"1722890","857647","857647","857647"
"1723117","857760","857760","857760"
"1723747","858074","858074","858074"
"1724357","858378","858378","858378"
"1724740","858569","858569","858569"
"1725326","858861","858861","858861"
"1725495","858945","858945","858945"
"1726121","859257","859257","859257"
"1726522","859457","859457","859457"
"1726911","859651","859651","859651"
"1727312","859851","859851","859851"
"1728011","860199","860199","860199"
"1728412","860399","860399","860399"
"1728912","860648","860648","860648"
"1729636","861009","861009","861009"
"1729939","861160","861160","861160"
"1730118","861249","861249","861249"
"1730949","861663","861663","861663"
"1732152","862263","862263","862263"
"1734017","863193","863193","863193"
"1734208","863288","863288","863288"
"1734441","863404","863404","863404"
"1734842","863604","863604","863604"
"1735111","863738","863738","863738"
"1735462","863913","863913","863913"
"1736424","864392","864392","864392"
"1736669","864514","864514","864514"
"1736942","864650","864650","864650"
"1737921","865138","865138","865138"
"1738144","865249","865249","865249"
"1738459","865406","865406","865406"
"1738860","865606","865606","865606"
"1739037","865694","865694","865694"
"1739667","866008","866008","866008"
"1740373","866360","866360","866360"
"1740774","866560","866560","866560"
"1741175","866760","866760","866760"
"1741476","866910","866910","866910"
"1741675","867009","867009","867009"
"1742477","867409","867409","867409"
"1742878","867609","867609","867609"
"1743279","867809","867809","867809"
"1743891","868114","868114","868114"
"1745139","868736","868736","868736"
"1745540","868936","868936","868936"
"1746377","869353","869353","869353"
"1747179","869753","869753","869753"
"1747914","870119","870119","870119"
"1748981","870651","870651","870651"
"1749382","870851","870851","870851"
"1750514","871415","871415","871415"
"1750915","871615","871615","871615"
"1751717","872015","872015","872015"
"1751930","872121","872121","872121"
"1752119","872215","872215","872215"
"1752298","872304","872304","872304"
"1752862","872585","872585","872585"
"1753354","872830","872830","872830"
"1754165","873234","873234","873234"
"1754386","873344","873344","873344"
"1754787","873544","873544","873544"
"1755188","873744","873744","873744"
"1755429","873864","873864","873864"
"1755830","874064","874064","874064"
"1756231","874264","874264","874264"
"1756476","874386","874386","874386"
"1756669","874482","874482","874482"
"1756908","874601","874601","874601"
"1757229","874761","874761","874761"
"1757430","874861","874861","874861"
"1757831","875061","875061","875061"
"1758503","875396","875396","875396"
"1758927","875607","875607","875607"
"1759328","875807","875807","875807"
"1759593","875939","875939","875939"
"1759834","876059","876059","876059"
"1760235","876259","876259","876259"
"1760636","876459","876459","876459"
"1761264","876772","876772","876772"
"1761573","876926","876926","876926"
"1762727","877501","877501","877501"
"1763128","877701","877701","877701"
"1763391","877832","877832","877832"
"1763792","878032","878032","878032"
"1764839","878554","878554","878554"
"1765493","878880","878880","878880"
"1765804","879035","879035","879035"
"1766205","879235","879235","879235"
"1766420","879342","879342","879342"
"1766681","879472","879472","879472"
"1767682","879971","879971","879971"
"1768942","880599","880599","880599"
"1769343","880799","880799","880799"
"1770145","881199","881199","881199"
"1770787","881519","881519","881519"
"1771104","881677","881677","881677"
"1771309","881779","881779","881779"
"1771710","881979","881979","881979"
"1772111","882179","882179","882179"
"1772288","882267","882267","882267"
"1772599","882422","882422","882422"
"1773546","882894","882894","882894"
"1773715","882978","882978","882978"
"1774179","883209","883209","883209"
"1774970","883603","883603","883603"
"1775371","883803","883803","883803"
"1776466","884349","884349","884349"
"1776651","884441","884441","884441"
"1776912","884571","884571","884571"
"1777677","884952","884952","884952"
"1777860","885043","885043","885043"
"1778041","885133","885133","885133"
"1779244","885733","885733","885733"
"1780109","886164","886164","886164"
"1780368","886293","886293","886293"
"1780769","886493","886493","886493"
"1781393","886804","886804","886804"
"1782195","887204","887204","887204"
"1782997","887604","887604","887604"
"1783467","887838","887838","887838"
"1785221","888712","888712","888712"
"1786023","889112","889112","889112"
"1786264","889232","889232","889232"
"1786665","889432","889432","889432"
"1787498","889847","889847","889847"
"1788204","890199","890199","890199"
"1788848","890520","890520","890520"
"1789783","890986","890986","890986"
"1790184","891186","891186","891186"
"1790585","891386","891386","891386"
"1790986","891586","891586","891586"
"1791484","891834","891834","891834"
"1791885","892034","892034","892034"
"1792453","892317","892317","892317"
"1792854","892517","892517","892517"
"1793656","892917","892917","892917"
"1794681","893428","893428","893428"
"1794874","893524","893524","893524"
"1795275","893724","893724","893724"
"1796077","894124","894124","894124"
"1796304","894237","894237","894237"
"1796579","894374","894374","894374"
"1796980","894574","894574","894574"
"1797125","894646","894646","894646"
"1797358","894762","894762","894762"
"1797978","895071","895071","895071"
"1798379","895271","895271","895271"
"1798893","895527","895527","895527"
"1799076","895618","895618","895618"
"1799477","895818","895818","895818"
"1800279","896218","896218","896218"
"1800680","896418","896418","896418"
"1801081","896618","896618","896618"
"1801482","896818","896818","896818"
"1801883","897018","897018","897018"
"1802112","897132","897132","897132"
"1802513","897332","897332","897332"
"1802914","897532","897532","897532"
"1803554","897851","897851","897851"
"1803955","898051","898051","898051"
"1804356","898251","898251","898251"
"1804567","898356","898356","898356"
"1805289","898716","898716","898716"
"1805470","898806","898806","898806"
"1806272","899206","899206","899206"
"1806673","899406","899406","899406"
"1807052","899595","899595","899595"
"1807453","899795","899795","899795"
"1807768","899952","899952","899952"
"1808264","900199","900199","900199"
"1808862","900497","900497","900497"
"1810065","901097","901097","901097"
"1810376","901252","901252","901252"
"1810777","901452","901452","901452"
"1811012","901569","901569","901569"
"1811718","901921","901921","901921"
"1812119","902121","902121","902121"
"1812520","902321","902321","902321"
"1812921","902521","902521","902521"
"1813322","902721","902721","902721"
"1813723","902921","902921","902921"
"1815327","903721","903721","903721"
"1815576","903845","903845","903845"
"1815795","903954","903954","903954"
"1816196","904154","904154","904154"
"1817740","904924","904924","904924"
"1818141","905124","905124","905124"
"1818542","905324","905324","905324"
"1818943","905524","905524","905524"
"1819714","905908","905908","905908"
"1820330","906215","906215","906215"
"1821012","906555","906555","906555"
"1821413","906755","906755","906755"
"1821829","906962","906962","906962"
"1822230","907162","907162","907162"
"1822680","907386","907386","907386"
"1823081","907586","907586","907586"
"1823298","907694","907694","907694"
"1824279","908183","908183","908183"
"1824642","908364","908364","908364"
"1825232","908658","908658","908658"
"1825633","908858","908858","908858"
"1826454","909267","909267","909267"
"1826855","909467","909467","909467"
"1827256","909667","909667","909667"
"1827551","909814","909814","909814"
"1828982","910527","910527","910527"
"1829383","910727","910727","910727"
"1829784","910927","910927","910927"
"1830398","911233","911233","911233"
"1830799","911433","911433","911433"
"1831044","911555","911555","911555"
"1832081","912072","912072","912072"
"1832705","912383","912383","912383"
"1833507","912783","912783","912783"
"1834309","913183","913183","913183"
"1835078","913566","913566","913566"
"1835427","913740","913740","913740"
"1835825","913938","913938","913938"
"1836247","914148","914148","914148"
"1836516","914282","914282","914282"
"1837220","914633","914633","914633"
"1837836","914940","914940","914940"
"1838027","915035","915035","915035"
"1838428","915235","915235","915235"
"1838829","915435","915435","915435"
"1839230","915635","915635","915635"
"1839631","915835","915835","915835"
"1840640","916338","916338","916338"
"1841041","916538","916538","916538"
"1841380","916707","916707","916707"
"1841992","917012","917012","917012"
"1842759","917394","917394","917394"
"1843054","917541","917541","917541"
"1843455","917741","917741","917741"
"1843856","917941","917941","917941"
"1844105","918065","918065","918065"
"1845188","918605","918605","918605"
"1845395","918708","918708","918708"
"1846332","919175","919175","919175"
"1846733","919375","919375","919375"
"1847134","919575","919575","919575"
"1847437","919726","919726","919726"
"1849092","920551","920551","920551"
"1849493","920751","920751","920751"
"1849734","920871","920871","920871"
"1850135","921071","921071","921071"
"1850354","921180","921180","921180"
"1850755","921380","921380","921380"
"1851557","921780","921780","921780"
"1851802","921902","921902","921902"
"1852203","922102","922102","922102"
"1853258","922628","922628","922628"
"1854079","923037","923037","923037"
"1855140","923566","923566","923566"
"1855590","923790","923790","923790"
"1855955","923972","923972","923972"
"1856278","924133","924133","924133"
"1856479","924233","924233","924233"
"1857025","924505","924505","924505"
"1857827","924905","924905","924905"
"1858228","925105","925105","925105"
"1858629","925305","925305","925305"
"1859030","925505","925505","925505"
"1859431","925705","925705","925705"
"1859630","925804","925804","925804"
"1859801","925889","925889","925889"
"1860202","926089","926089","926089"
"1860421","926198","926198","926198"
"1860822","926398","926398","926398"
"1861456","926714","926714","926714"
"1861857","926914","926914","926914"
"1862258","927114","927114","927114"
"1862659","927314","927314","927314"
"1863060","927514","927514","927514"
"1863249","927608","927608","927608"
"1863516","927741","927741","927741"
"1863917","927941","927941","927941"
"1864367","928165","928165","928165"
"1864630","928296","928296","928296"
"1865031","928496","928496","928496"
"1865633","928796","928796","928796"
"1866034","928996","928996","928996"
"1866435","929196","929196","929196"
"1866836","929396","929396","929396"
"1867570","929762","929762","929762"
"1868447","930199","930199","930199"
"1869404","930676","930676","930676"
"1869805","930876","930876","930876"
"1870407","931176","931176","931176"
"1870650","931297","931297","931297"
"1871009","931476","931476","931476"
"1871280","931611","931611","931611"
"1871681","931811","931811","931811"
"1872082","932011","932011","932011"
"1872483","932211","932211","932211"
"1873372","932654","932654","932654"
"1873773","932854","932854","932854"
"1874174","933054","933054","933054"
"1874389","933161","933161","933161"
"1875795","933862","933862","933862"
"1876068","933998","933998","933998"
"1876469","934198","934198","934198"
"1876925","934425","934425","934425"
"1877326","934625","934625","934625"
"1877509","934716","934716","934716"
"1878311","935116","935116","935116"
"1878953","935436","935436","935436"
"1879354","935636","935636","935636"
"1879755","935836","935836","935836"
"1880223","936069","936069","936069"
"1880624","936269","936269","936269"
"1880819","936366","936366","936366"
"1881435","936673","936673","936673"
"1882446","937177","937177","937177"
"1882847","937377","937377","937377"
"1884273","938088","938088","938088"
"1884674","938288","938288","938288"
"1885406","938653","938653","938653"
"1885807","938853","938853","938853"
"1886429","939163","939163","939163"
"1886830","939363","939363","939363"
"1887843","939868","939868","939868"
"1888507","940199","940199","940199"
"1888802","940346","940346","940346"
"1890282","941084","941084","941084"
"1891014","941449","941449","941449"
"1891415","941649","941649","941649"
"1891670","941776","941776","941776"
"1891859","941870","941870","941870"
"1892260","942070","942070","942070"
"1892517","942198","942198","942198"
"1893582","942729","942729","942729"
"1894172","943023","943023","943023"
"1894365","943119","943119","943119"
"1894766","943319","943319","943319"
"1895390","943630","943630","943630"
"1896144","944006","944006","944006"
"1896545","944206","944206","944206"
"1896997","944431","944431","944431"
"1897236","944550","944550","944550"
"1897637","944750","944750","944750"
"1898038","944950","944950","944950"
"1898439","945150","945150","945150"
"1898840","945350","945350","945350"
"1899053","945456","945456","945456"
"1900657","946256","946256","946256"
"1901860","946856","946856","946856"
"1902889","947369","947369","947369"
"1903152","947500","947500","947500"
"1903367","947607","947607","947607"
"1903768","947807","947807","947807"
"1904570","948207","948207","948207"
"1904971","948407","948407","948407"
"1905372","948607","948607","948607"
"1905773","948807","948807","948807"
"1906074","948957","948957","948957"
"1906804","949321","949321","949321"
"1907205","949521","949521","949521"
"1907442","949639","949639","949639"
"1907843","949839","949839","949839"
"1908409","950121","950121","950121"
"1909211","950521","950521","950521"
"1909821","950825","950825","950825"
"1910222","951025","951025","951025"
"1910623","951225","951225","951225"
"1911425","951625","951625","951625"
"1911826","951825","951825","951825"
"1912486","952154","952154","952154"
"1913631","952725","952725","952725"
"1913932","952875","952875","952875"
"1914596","953206","953206","953206"
"1915386","953600","953600","953600"
"1915787","953800","953800","953800"
"1916188","954000","954000","954000"
"1916589","954200","954200","954200"
"1916990","954400","954400","954400"
"1917391","954600","954600","954600"
"1917792","954800","954800","954800"
"1918514","955160","955160","955160"
"1920339","956070","956070","956070"
"1920740","956270","956270","956270"
"1921141","956470","956470","956470"
"1921943","956870","956870","956870"
"1922344","957070","957070","957070"
"1922745","957270","957270","957270"
"1923146","957470","957470","957470"
"1923547","957670","957670","957670"
"1923844","957818","957818","957818"
"1924646","958218","958218","958218"
"1925047","958418","958418","958418"
"1925448","958618","958618","958618"
"1926495","959140","959140","959140"
"1928099","959940","959940","959940"
"1928619","960199","960199","960199"
"1929020","960399","960399","960399"
"1929421","960599","960599","960599"
"1929822","960799","960799","960799"
"1930223","960999","960999","960999"
"1930624","961199","961199","961199"
"1931025","961399","961399","961399"
"1931827","961799","961799","961799"
"1932228","961999","961999","961999"
"1932491","962130","962130","962130"
"1933293","962530","962530","962530"
"1933690","962728","962728","962728"
"1934069","962917","962917","962917"
"1934470","963117","963117","963117"
"1935046","963404","963404","963404"
"1935848","963804","963804","963804"
"1936249","964004","964004","964004"
"1937051","964404","964404","964404"
"1937675","964715","964715","964715"
"1938076","964915","964915","964915"
"1938477","965115","965115","965115"
"1938878","965315","965315","965315"
"1940478","966113","966113","966113"
"1940699","966223","966223","966223"
"1941367","966556","966556","966556"
"1941686","966715","966715","966715"
"1942087","966915","966915","966915"
"1942336","967039","967039","967039"
"1942737","967239","967239","967239"
"1943138","967439","967439","967439"
"1943387","967563","967563","967563"
"1944953","968344","968344","968344"
"1945354","968544","968544","968544"
"1946044","968888","968888","968888"
"1947648","969688","969688","969688"
"1948049","969888","969888","969888"
"1948930","970327","970327","970327"
"1949189","970456","970456","970456"
"1949590","970656","970656","970656"
"1950392","971056","971056","971056"
"1950583","971151","971151","971151"
"1950984","971351","971351","971351"
"1951229","971473","971473","971473"
"1951630","971673","971673","971673"
"1952031","971873","971873","971873"
"1952432","972073","972073","972073"
"1952651","972182","972182","972182"
"1953854","972782","972782","972782"
"1954067","972888","972888","972888"
"1954869","973288","973288","973288"
"1955671","973688","973688","973688"
"1956072","973888","973888","973888"
"1956473","974088","974088","974088"
"1956874","974288","974288","974288"
"1957155","974428","974428","974428"
"1957957","974828","974828","974828"
"1958358","975028","975028","975028"
"1958759","975228","975228","975228"
"1959160","975428","975428","975428"
"1959866","975780","975780","975780"
"1961031","976361","976361","976361"
"1961432","976561","976561","976561"
"1961765","976727","976727","976727"
"1962968","977327","977327","977327"
"1964171","977927","977927","977927"
"1964572","978127","978127","978127"
"1965158","978419","978419","978419"
"1965559","978619","978619","978619"
"1965874","978776","978776","978776"
"1966275","978976","978976","978976"
"1966538","979107","979107","979107"
"1966939","979307","979307","979307"
"1967340","979507","979507","979507"
"1968142","979907","979907","979907"
"1968500","980085","980085","980085"
"1970104","980885","980885","980885"
"1971307","981485","981485","981485"
"1971708","981685","981685","981685"
"1972109","981885","981885","981885"
"1972911","982285","982285","982285"
"1973312","982485","982485","982485"
"1973713","982685","982685","982685"
"1974173","982914","982914","982914"
"1974574","983114","983114","983114"
"1975376","983514","983514","983514"
"1976112","983881","983881","983881"
"1976513","984081","984081","984081"
"1976914","984281","984281","984281"
"1977716","984681","984681","984681"
"1977975","984810","984810","984810"
"1978376","985010","985010","985010"
"1979130","985386","985386","985386"
"1979748","985694","985694","985694"
"1980149","985894","985894","985894"
"1980951","986294","986294","986294"
"1981753","986694","986694","986694"
"1981946","986790","986790","986790"
"1982347","986990","986990","986990"
"1982748","987190","987190","987190"
"1983149","987390","987390","987390"
"1983951","987790","987790","987790"
"1985154","988390","988390","988390"
"1985555","988590","988590","988590"
"1985956","988790","988790","988790"
"1986871","989246","989246","989246"
"1987272","989446","989446","989446"
"1987597","989608","989608","989608"
"1988243","989930","989930","989930"
"1988783","990199","990199","990199"
"1990387","990999","990999","990999"
"1990788","991199","991199","991199"
"1991450","991529","991529","991529"
"1991851","991729","991729","991729"
"1992064","991835","991835","991835"
"1993075","992339","992339","992339"
"1993476","992539","992539","992539"
"1993877","992739","992739","992739"
"1994278","992939","992939","992939"
"1994679","993139","993139","993139"
"1995002","993300","993300","993300"
"1995403","993500","993500","993500"
"1995804","993700","993700","993700"
"1996205","993900","993900","993900"
"1996909","994251","994251","994251"
"1997310","994451","994451","994451"
"1997667","994629","994629","994629"
"1998068","994829","994829","994829"
"1998702","995145","995145","995145"
"1999003","995295","995295","995295"
"1999619","995602","995602","995602"
"2000371","995977","995977","995977"
"2001173","996377","996377","996377"
"2001492","996536","996536","996536"
"2001893","996736","996736","996736"
"2002695","997136","997136","997136"
"2003096","997336","997336","997336"
"2003497","997536","997536","997536"
"2003898","997736","997736","997736"
"2004700","998136","998136","998136"
"2005747","998658","998658","998658"
"2005976","998772","998772","998772"
"2006670","999118","999118","999118"
"2007472","999518","999518","999518"
"2008838","1000199","1000199","1000199"
"2009532","1000545","1000545","1000545"
"2010334","1000945","1000945","1000945"
"2010735","1001145","1001145","1001145"
"2011217","1001385","1001385","1001385"
"2012316","1001933","1001933","1001933"
"2012717","1002133","1002133","1002133"
"2012982","1002265","1002265","1002265"
"2013383","1002465","1002465","1002465"
"2013630","1002588","1002588","1002588"
"2014432","1002988","1002988","1002988"
"2014833","1003188","1003188","1003188"
"2015124","1003333","1003333","1003333"
"2015926","1003733","1003733","1003733"
"2017530","1004533","1004533","1004533"
"2017931","1004733","1004733","1004733"
"2018332","1004933","1004933","1004933"
"2018982","1005257","1005257","1005257"
"2019177","1005354","1005354","1005354"
"2019578","1005554","1005554","1005554"
"2019835","1005682","1005682","1005682"
"2020236","1005882","1005882","1005882"
"2021038","1006282","1006282","1006282"
"2021439","1006482","1006482","1006482"
"2021840","1006682","1006682","1006682"
"2022087","1006805","1006805","1006805"
"2022488","1007005","1007005","1007005"
"2023138","1007329","1007329","1007329"
"2023940","1007729","1007729","1007729"
"2024939","1008227","1008227","1008227"
"2026142","1008827","1008827","1008827"
"2027141","1009325","1009325","1009325"
"2027542","1009525","1009525","1009525"
"2028234","1009870","1009870","1009870"
"2028696","1010100","1010100","1010100"
"2029097","1010300","1010300","1010300"
"2029498","1010500","1010500","1010500"
"2030174","1010837","1010837","1010837"
"2030359","1010929","1010929","1010929"
"2031841","1011668","1011668","1011668"
"2032242","1011868","1011868","1011868"
"2032914","1012203","1012203","1012203"
"2033137","1012314","1012314","1012314"
"2033538","1012514","1012514","1012514"
"2033939","1012714","1012714","1012714"
"2034741","1013114","1013114","1013114"
"2035419","1013452","1013452","1013452"
"2035820","1013652","1013652","1013652"
"2036221","1013852","1013852","1013852"
"2036622","1014052","1014052","1014052"
"2036921","1014201","1014201","1014201"
"2037322","1014401","1014401","1014401"
"2038780","1015128","1015128","1015128"
"2039089","1015282","1015282","1015282"
"2039490","1015482","1015482","1015482"
"2040292","1015882","1015882","1015882"
"2040693","1016082","1016082","1016082"
"2041094","1016282","1016282","1016282"
"2041896","1016682","1016682","1016682"
"2042662","1017064","1017064","1017064"
"2043063","1017264","1017264","1017264"
"2043675","1017569","1017569","1017569"
"2044245","1017853","1017853","1017853"
"2044646","1018053","1018053","1018053"
"2045047","1018253","1018253","1018253"
"2045302","1018380","1018380","1018380"
"2045703","1018580","1018580","1018580"
"2045894","1018675","1018675","1018675"
"2046063","1018759","1018759","1018759"
"2046464","1018959","1018959","1018959"
"2046865","1019159","1019159","1019159"
"2047266","1019359","1019359","1019359"
"2048469","1019959","1019959","1019959"
"2049156","1020301","1020301","1020301"
"2049355","1020400","1020400","1020400"
"2049648","1020546","1020546","1020546"
"2050148","1020795","1020795","1020795"
"2050399","1020920","1020920","1020920"
"2050566","1021003","1021003","1021003"
"2050967","1021203","1021203","1021203"
"2051769","1021603","1021603","1021603"
"2052170","1021803","1021803","1021803"
"2052571","1022003","1022003","1022003"
"2052814","1022124","1022124","1022124"
"2053462","1022447","1022447","1022447"
"2053863","1022647","1022647","1022647"
"2054264","1022847","1022847","1022847"
"2054665","1023047","1023047","1023047"
"2055066","1023247","1023247","1023247"
"2055794","1023610","1023610","1023610"
"2056033","1023729","1023729","1023729"
"2056434","1023929","1023929","1023929"
"2056835","1024129","1024129","1024129"
"2057236","1024329","1024329","1024329"
"2057637","1024529","1024529","1024529"
"2059642","1025529","1025529","1025529"
"2060043","1025729","1025729","1025729"
"2060444","1025929","1025929","1025929"
"2060845","1026129","1026129","1026129"
"2061246","1026329","1026329","1026329"
"2062048","1026729","1026729","1026729"
"2062740","1027074","1027074","1027074"
"2063542","1027474","1027474","1027474"
"2064344","1027874","1027874","1027874"
"2065074","1028238","1028238","1028238"
"2065698","1028549","1028549","1028549"
"2066099","1028749","1028749","1028749"
"2067154","1029275","1029275","1029275"
"2067457","1029426","1029426","1029426"
"2067858","1029626","1029626","1029626"
"2068454","1029923","1029923","1029923"
"2068874","1030132","1030132","1030132"
"2069275","1030332","1030332","1030332"
"2069462","1030425","1030425","1030425"
"2069863","1030625","1030625","1030625"
"2070665","1031025","1031025","1031025"
"2071066","1031225","1031225","1031225"
"2071327","1031355","1031355","1031355"
"2072129","1031755","1031755","1031755"
"2072530","1031955","1031955","1031955"
"2073180","1032279","1032279","1032279"
"2073581","1032479","1032479","1032479"
"2073806","1032591","1032591","1032591"
"2074095","1032735","1032735","1032735"
"2074679","1033026","1033026","1033026"
"2075080","1033226","1033226","1033226"
"2075309","1033340","1033340","1033340"
"2075849","1033609","1033609","1033609"
"2076339","1033853","1033853","1033853"
"2076608","1033987","1033987","1033987"
"2076817","1034091","1034091","1034091"
"2077579","1034471","1034471","1034471"
"2078199","1034780","1034780","1034780"
"2079001","1035180","1035180","1035180"
"2079402","1035380","1035380","1035380"
"2081808","1036580","1036580","1036580"
"2082209","1036780","1036780","1036780"
"2082610","1036980","1036980","1036980"
"2083300","1037324","1037324","1037324"
"2083701","1037524","1037524","1037524"
"2084102","1037724","1037724","1037724"
"2084317","1037831","1037831","1037831"
"2084500","1037922","1037922","1037922"
"2085373","1038357","1038357","1038357"
"2085616","1038478","1038478","1038478"
"2085853","1038596","1038596","1038596"
"2086064","1038701","1038701","1038701"
"2087267","1039301","1039301","1039301"
"2087668","1039501","1039501","1039501"
"2087861","1039597","1039597","1039597"
"2088262","1039797","1039797","1039797"
"2089470","1040399","1040399","1040399"
"2089970","1040648","1040648","1040648"
"2090772","1041048","1041048","1041048"
"2091446","1041384","1041384","1041384"
"2091847","1041584","1041584","1041584"
"2092248","1041784","1041784","1041784"
"2092788","1042053","1042053","1042053"
"2093107","1042212","1042212","1042212"
"2094310","1042812","1042812","1042812"
"2094920","1043116","1043116","1043116"
"2095321","1043316","1043316","1043316"
"2096524","1043916","1043916","1043916"
"2096801","1044054","1044054","1044054"
"2097202","1044254","1044254","1044254"
"2097852","1044578","1044578","1044578"
"2098253","1044778","1044778","1044778"
"2098442","1044872","1044872","1044872"
"2098950","1045125","1045125","1045125"
"2099279","1045289","1045289","1045289"
"2099680","1045489","1045489","1045489"
"2100081","1045689","1045689","1045689"
"2101473","1046383","1046383","1046383"
"2102105","1046698","1046698","1046698"
"2103132","1047210","1047210","1047210"
"2103375","1047331","1047331","1047331"
"2103642","1047464","1047464","1047464"
"2104043","1047664","1047664","1047664"
"2105200","1048241","1048241","1048241"
"2105601","1048441","1048441","1048441"
"2106241","1048760","1048760","1048760"
"2106642","1048960","1048960","1048960"
"2107043","1049160","1049160","1049160"
"2108647","1049960","1049960","1049960"
"2109043","1050157","1050157","1050157"
"2109735","1050502","1050502","1050502"
"2110136","1050702","1050702","1050702"
"2110537","1050902","1050902","1050902"
"2110818","1051042","1051042","1051042"
"2111620","1051442","1051442","1051442"
"2111907","1051585","1051585","1051585"
"2112308","1051785","1051785","1051785"
"2113110","1052185","1052185","1052185"
"2113794","1052526","1052526","1052526"
"2114195","1052726","1052726","1052726"
"2114596","1052926","1052926","1052926"
"2114997","1053126","1053126","1053126"
"2115703","1053478","1053478","1053478"
"2115964","1053608","1053608","1053608"
"2116766","1054008","1054008","1054008"
"2117167","1054208","1054208","1054208"
"2118370","1054808","1054808","1054808"
"2120512","1055876","1055876","1055876"
"2121100","1056169","1056169","1056169"
"2121636","1056436","1056436","1056436"
"2122691","1056962","1056962","1056962"
"2122940","1057086","1057086","1057086"
"2123742","1057486","1057486","1057486"
"2124544","1057886","1057886","1057886"
"2125146","1058186","1058186","1058186"
"2125381","1058303","1058303","1058303"
"2125718","1058471","1058471","1058471"
"2126119","1058671","1058671","1058671"
"2126406","1058814","1058814","1058814"
"2126807","1059014","1059014","1059014"
"2127208","1059214","1059214","1059214"
"2127463","1059341","1059341","1059341"
"2127762","1059490","1059490","1059490"
"2128163","1059690","1059690","1059690"
"2129184","1060199","1060199","1060199"
"2129585","1060399","1060399","1060399"
"2130221","1060716","1060716","1060716"
"2130622","1060916","1060916","1060916"
"2132752","1061978","1061978","1061978"
"2132975","1062089","1062089","1062089"
"2133298","1062250","1062250","1062250"
"2133575","1062388","1062388","1062388"
"2134676","1062937","1062937","1062937"
"2135442","1063319","1063319","1063319"
"2135843","1063519","1063519","1063519"
"2136244","1063719","1063719","1063719"
"2137046","1064119","1064119","1064119"
"2137746","1064468","1064468","1064468"
"2138073","1064631","1064631","1064631"
"2138474","1064831","1064831","1064831"
"2139080","1065133","1065133","1065133"
"2139481","1065333","1065333","1065333"
"2139882","1065533","1065533","1065533"
"2140283","1065733","1065733","1065733"
"2141085","1066133","1066133","1066133"
"2141486","1066333","1066333","1066333"
"2141829","1066504","1066504","1066504"
"2142525","1066851","1066851","1066851"
"2142926","1067051","1067051","1067051"
"2143716","1067445","1067445","1067445"
"2144870","1068020","1068020","1068020"
"2145271","1068220","1068220","1068220"
"2145672","1068420","1068420","1068420"
"2146230","1068698","1068698","1068698"
"2146631","1068898","1068898","1068898"
"2147032","1069098","1069098","1069098"
"2147315","1069239","1069239","1069239"
"2147610","1069386","1069386","1069386"
"2148011","1069586","1069586","1069586"
"2148813","1069986","1069986","1069986"
"2149241","1070199","1070199","1070199"
"2150043","1070599","1070599","1070599"
"2151146","1071149","1071149","1071149"
"2151413","1071282","1071282","1071282"
"2151738","1071444","1071444","1071444"
"2152506","1071827","1071827","1071827"
"2152907","1072027","1072027","1072027"
"2153673","1072409","1072409","1072409"
"2153916","1072530","1072530","1072530"
"2154317","1072730","1072730","1072730"
"2154718","1072930","1072930","1072930"
"2155873","1073506","1073506","1073506"
"2157076","1074106","1074106","1074106"
"2157381","1074258","1074258","1074258"
"2157782","1074458","1074458","1074458"
"2158183","1074658","1074658","1074658"
"2158584","1074858","1074858","1074858"
"2158849","1074990","1074990","1074990"
"2159651","1075390","1075390","1075390"
"2160981","1076053","1076053","1076053"
"2161240","1076182","1076182","1076182"
"2161641","1076382","1076382","1076382"
"2161878","1076500","1076500","1076500"
"2162279","1076700","1076700","1076700"
"2162680","1076900","1076900","1076900"
"2162977","1077048","1077048","1077048"
"2163344","1077231","1077231","1077231"
"2163745","1077431","1077431","1077431"
"2164934","1078024","1078024","1078024"
"2165265","1078189","1078189","1078189"
"2165666","1078389","1078389","1078389"
"2166067","1078589","1078589","1078589"
"2166468","1078789","1078789","1078789"
"2166819","1078964","1078964","1078964"
"2167461","1079284","1079284","1079284"
"2167862","1079484","1079484","1079484"
"2168506","1079805","1079805","1079805"
"2169296","1080199","1080199","1080199"
"2169697","1080399","1080399","1080399"
"2170900","1080999","1080999","1080999"
"2172007","1081551","1081551","1081551"
"2172759","1081926","1081926","1081926"
"2173160","1082126","1082126","1082126"
"2174363","1082726","1082726","1082726"
"2174764","1082926","1082926","1082926"
"2175566","1083326","1083326","1083326"
"2175967","1083526","1083526","1083526"
"2176368","1083726","1083726","1083726"
"2178015","1084547","1084547","1084547"
"2178817","1084947","1084947","1084947"
"2179218","1085147","1085147","1085147"
"2179507","1085291","1085291","1085291"
"2179908","1085491","1085491","1085491"
"2180309","1085691","1085691","1085691"
"2180588","1085830","1085830","1085830"
"2181390","1086230","1086230","1086230"
"2181791","1086430","1086430","1086430"
"2182192","1086630","1086630","1086630"
"2183395","1087230","1087230","1087230"
"2184093","1087578","1087578","1087578"
"2184494","1087778","1087778","1087778"
"2184895","1087978","1087978","1087978"
"2185180","1088120","1088120","1088120"
"2185427","1088243","1088243","1088243"
"2185828","1088443","1088443","1088443"
"2186229","1088643","1088643","1088643"
"2186849","1088952","1088952","1088952"
"2187250","1089152","1089152","1089152"
"2187651","1089352","1089352","1089352"
"2188052","1089552","1089552","1089552"
"2189350","1090199","1090199","1090199"
"2189649","1090348","1090348","1090348"
"2190050","1090548","1090548","1090548"
"2190720","1090882","1090882","1090882"
"2191093","1091068","1091068","1091068"
"2191494","1091268","1091268","1091268"
"2191895","1091468","1091468","1091468"
"2192296","1091668","1091668","1091668"
"2193098","1092068","1092068","1092068"
"2193499","1092268","1092268","1092268"
"2193900","1092468","1092468","1092468"
"2194301","1092668","1092668","1092668"
"2194702","1092868","1092868","1092868"
"2195504","1093268","1093268","1093268"
"2195905","1093468","1093468","1093468"
"2196306","1093668","1093668","1093668"
"2196707","1093868","1093868","1093868"
"2197509","1094268","1094268","1094268"
"2198311","1094668","1094668","1094668"
"2198989","1095006","1095006","1095006"
"2200593","1095806","1095806","1095806"
"2200994","1096006","1096006","1096006"
"2201395","1096206","1096206","1096206"
"2201796","1096406","1096406","1096406"
"2202197","1096606","1096606","1096606"
"2202598","1096806","1096806","1096806"
"2202999","1097006","1097006","1097006"
"2203214","1097113","1097113","1097113"
"2203615","1097313","1097313","1097313"
"2203992","1097501","1097501","1097501"
"2204393","1097701","1097701","1097701"
"2205195","1098101","1098101","1098101"
"2205596","1098301","1098301","1098301"
"2205997","1098501","1098501","1098501"
"2207200","1099101","1099101","1099101"
"2207601","1099301","1099301","1099301"
"2208325","1099662","1099662","1099662"
"2208726","1099862","1099862","1099862"
"2210605","1100799","1100799","1100799"
"2211006","1100999","1100999","1100999"
"2211303","1101147","1101147","1101147"
"2211704","1101347","1101347","1101347"
"2212506","1101747","1101747","1101747"
"2212907","1101947","1101947","1101947"
"2214006","1102495","1102495","1102495"
"2214638","1102810","1102810","1102810"
"2215039","1103010","1103010","1103010"
"2215440","1103210","1103210","1103210"
"2216242","1103610","1103610","1103610"
"2216950","1103963","1103963","1103963"
"2217351","1104163","1104163","1104163"
"2217752","1104363","1104363","1104363"
"2218153","1104563","1104563","1104563"
"2218554","1104763","1104763","1104763"
"2219308","1105139","1105139","1105139"
"2219709","1105339","1105339","1105339"
"2220511","1105739","1105739","1105739"
"2220912","1105939","1105939","1105939"
"2221313","1106139","1106139","1106139"
"2221714","1106339","1106339","1106339"
"2222115","1106539","1106539","1106539"
"2222516","1106739","1106739","1106739"
"2223312","1107136","1107136","1107136"
"2223713","1107336","1107336","1107336"
"2224114","1107536","1107536","1107536"
"2224910","1107933","1107933","1107933"
"2225311","1108133","1108133","1108133"
"2225630","1108292","1108292","1108292"
"2226031","1108492","1108492","1108492"
"2226741","1108846","1108846","1108846"
"2227543","1109246","1109246","1109246"
"2227944","1109446","1109446","1109446"
"2228345","1109646","1109646","1109646"
"2229454","1110199","1110199","1110199"
"2230124","1110533","1110533","1110533"
"2231169","1111054","1111054","1111054"
"2232773","1111854","1111854","1111854"
"2233174","1112054","1112054","1112054"
"2235470","1113199","1113199","1113199"
"2236272","1113599","1113599","1113599"
"2236673","1113799","1113799","1113799"
"2237074","1113999","1113999","1113999"
"2237475","1114199","1114199","1114199"
"2238277","1114599","1114599","1114599"
"2238678","1114799","1114799","1114799"
"2238989","1114954","1114954","1114954"
"2239689","1115303","1115303","1115303"
"2240892","1115903","1115903","1115903"
"2241293","1116103","1116103","1116103"
"2242095","1116503","1116503","1116503"
"2242496","1116703","1116703","1116703"
"2243699","1117303","1117303","1117303"
"2244501","1117703","1117703","1117703"
"2245303","1118103","1118103","1118103"
"2245704","1118303","1118303","1118303"
"2248173","1119534","1119534","1119534"
"2248975","1119934","1119934","1119934"
"2249718","1120304","1120304","1120304"
"2250119","1120504","1120504","1120504"
"2250448","1120668","1120668","1120668"
"2250773","1120830","1120830","1120830"
"2251090","1120988","1120988","1120988"
"2251491","1121188","1121188","1121188"
"2251892","1121388","1121388","1121388"
"2252293","1121588","1121588","1121588"
"2252694","1121788","1121788","1121788"
"2253095","1121988","1121988","1121988"
"2253496","1122188","1122188","1122188"
"2253897","1122388","1122388","1122388"
"2254507","1122692","1122692","1122692"
"2254908","1122892","1122892","1122892"
"2255309","1123092","1123092","1123092"
"2256111","1123492","1123492","1123492"
"2256512","1123692","1123692","1123692"
"2256913","1123892","1123892","1123892"
"2257184","1124027","1124027","1124027"
"2257986","1124427","1124427","1124427"
"2258387","1124627","1124627","1124627"
"2258628","1124747","1124747","1124747"
"2259029","1124947","1124947","1124947"
"2259430","1125147","1125147","1125147"
"2260232","1125547","1125547","1125547"
"2260633","1125747","1125747","1125747"
"2261836","1126347","1126347","1126347"
"2262179","1126518","1126518","1126518"
"2263232","1127043","1127043","1127043"
"2263633","1127243","1127243","1127243"
"2264034","1127443","1127443","1127443"
"2264435","1127643","1127643","1127643"
"2265237","1128043","1128043","1128043"
"2265638","1128243","1128243","1128243"
"2266039","1128443","1128443","1128443"
"2266344","1128595","1128595","1128595"
"2267146","1128995","1128995","1128995"
"2267948","1129395","1129395","1129395"
"2268349","1129595","1129595","1129595"
"2268750","1129795","1129795","1129795"
"2270363","1130599","1130599","1130599"
"2271043","1130938","1130938","1130938"
"2271845","1131338","1131338","1131338"
"2273329","1132078","1132078","1132078"
"2273730","1132278","1132278","1132278"
"2274532","1132678","1132678","1132678"
"2274933","1132878","1132878","1132878"
"2275334","1133078","1133078","1133078"
"2275589","1133205","1133205","1133205"
"2275990","1133405","1133405","1133405"
"2276323","1133571","1133571","1133571"
"2276724","1133771","1133771","1133771"
"2277125","1133971","1133971","1133971"
"2277526","1134171","1134171","1134171"
"2277927","1134371","1134371","1134371"
"2278164","1134489","1134489","1134489"
"2278565","1134689","1134689","1134689"
"2278966","1134889","1134889","1134889"
"2279367","1135089","1135089","1135089"
"2279768","1135289","1135289","1135289"
"2280169","1135489","1135489","1135489"
"2280971","1135889","1135889","1135889"
"2281372","1136089","1136089","1136089"
"2282174","1136489","1136489","1136489"
"2282575","1136689","1136689","1136689"
"2282976","1136889","1136889","1136889"
"2283614","1137207","1137207","1137207"
"2284015","1137407","1137407","1137407"
"2284416","1137607","1137607","1137607"
"2284817","1137807","1137807","1137807"
"2285210","1138003","1138003","1138003"
"2286413","1138603","1138603","1138603"
"2286814","1138803","1138803","1138803"
"2287153","1138972","1138972","1138972"
"2287554","1139172","1139172","1139172"
"2287955","1139372","1139372","1139372"
"2288356","1139572","1139572","1139572"
"2288757","1139772","1139772","1139772"
"2289158","1139972","1139972","1139972"
"2289614","1140199","1140199","1140199"
"2290220","1140501","1140501","1140501"
"2290876","1140828","1140828","1140828"
"2291277","1141028","1141028","1141028"
"2292079","1141428","1141428","1141428"
"2292480","1141628","1141628","1141628"
"2292881","1141828","1141828","1141828"
"2293088","1141931","1141931","1141931"
"2293776","1142274","1142274","1142274"
"2294121","1142446","1142446","1142446"
"2294522","1142646","1142646","1142646"
"2294923","1142846","1142846","1142846"
"2295324","1143046","1143046","1143046"
"2296126","1143446","1143446","1143446"
"2296527","1143646","1143646","1143646"
"2296928","1143846","1143846","1143846"
"2297329","1144046","1144046","1144046"
"2297730","1144246","1144246","1144246"
"2298532","1144646","1144646","1144646"
"2298933","1144846","1144846","1144846"
"2299334","1145046","1145046","1145046"
"2300136","1145446","1145446","1145446"
"2300537","1145646","1145646","1145646"
"2300938","1145846","1145846","1145846"
"2301225","1145989","1145989","1145989"
"2302829","1146789","1146789","1146789"
"2303230","1146989","1146989","1146989"
"2304032","1147389","1147389","1147389"
"2304433","1147589","1147589","1147589"
"2304834","1147789","1147789","1147789"
"2305235","1147989","1147989","1147989"
"2305636","1148189","1148189","1148189"
"2306037","1148389","1148389","1148389"
"2306438","1148589","1148589","1148589"
"2307240","1148989","1148989","1148989"
"2307641","1149189","1149189","1149189"
"2308277","1149506","1149506","1149506"
"2308594","1149664","1149664","1149664"
"2310068","1150399","1150399","1150399"
"2310806","1150767","1150767","1150767"
"2311207","1150967","1150967","1150967"
"2311608","1151167","1151167","1151167"
"2312009","1151367","1151367","1151367"
"2312410","1151567","1151567","1151567"
"2312811","1151767","1151767","1151767"
"2313212","1151967","1151967","1151967"
"2313613","1152167","1152167","1152167"
"2314724","1152721","1152721","1152721"
"2315125","1152921","1152921","1152921"
"2315526","1153121","1153121","1153121"
"2315927","1153321","1153321","1153321"
"2316328","1153521","1153521","1153521"
"2316729","1153721","1153721","1153721"
"2317012","1153862","1153862","1153862"
"2318215","1154462","1154462","1154462"
"2318616","1154662","1154662","1154662"
"2318815","1154761","1154761","1154761"
"2319216","1154961","1154961","1154961"
"2319371","1155038","1155038","1155038"
"2319772","1155238","1155238","1155238"
"2320574","1155638","1155638","1155638"
"2320975","1155838","1155838","1155838"
"2321376","1156038","1156038","1156038"
"2321986","1156342","1156342","1156342"
"2322387","1156542","1156542","1156542"
"2323189","1156942","1156942","1156942"
"2323991","1157342","1157342","1157342"
"2324371","1157531","1157531","1157531"
"2325470","1158079","1158079","1158079"
"2325871","1158279","1158279","1158279"
"2326272","1158479","1158479","1158479"
"2326565","1158625","1158625","1158625"
"2326966","1158825","1158825","1158825"
"2327642","1159162","1159162","1159162"
"2329246","1159962","1159962","1159962"
"2329722","1160199","1160199","1160199"
"2331326","1160999","1160999","1160999"
"2331727","1161199","1161199","1161199"
"2332128","1161399","1161399","1161399"
"2332529","1161599","1161599","1161599"
"2333331","1161999","1161999","1161999"
"2333732","1162199","1162199","1162199"
"2334133","1162399","1162399","1162399"
"2336539","1163599","1163599","1163599"
"2336940","1163799","1163799","1163799"
"2337742","1164199","1164199","1164199"
"2338143","1164399","1164399","1164399"
"2338544","1164599","1164599","1164599"
"2338945","1164799","1164799","1164799"
"2339972","1165311","1165311","1165311"
"2340732","1165690","1165690","1165690"
"2341065","1165856","1165856","1165856"
"2341466","1166056","1166056","1166056"
"2341867","1166256","1166256","1166256"
"2342268","1166456","1166456","1166456"
"2342669","1166656","1166656","1166656"
"2343844","1167242","1167242","1167242"
"2344899","1167768","1167768","1167768"
"2346020","1168327","1168327","1168327"
"2346822","1168727","1168727","1168727"
"2347223","1168927","1168927","1168927"
"2347624","1169127","1169127","1169127"
"2348426","1169527","1169527","1169527"
"2348827","1169727","1169727","1169727"
"2349228","1169927","1169927","1169927"
"2349708","1170166","1170166","1170166"
"2350109","1170366","1170366","1170366"
"2351188","1170904","1170904","1170904"
"2351589","1171104","1171104","1171104"
"2352654","1171635","1171635","1171635"
"2354525","1172568","1172568","1172568"
"2354926","1172768","1172768","1172768"
"2356129","1173368","1173368","1173368"
"2357194","1173899","1173899","1173899"
"2357431","1174017","1174017","1174017"
"2358233","1174417","1174417","1174417"
"2358634","1174617","1174617","1174617"
"2359436","1175017","1175017","1175017"
"2360639","1175617","1175617","1175617"
"2361441","1176017","1176017","1176017"
"2361842","1176217","1176217","1176217"
"2362644","1176617","1176617","1176617"
"2363246","1176917","1176917","1176917"
"2364048","1177317","1177317","1177317"
"2364850","1177717","1177717","1177717"
"2365251","1177917","1177917","1177917"
"2365652","1178117","1178117","1178117"
"2367256","1178917","1178917","1178917"
"2367657","1179117","1179117","1179117"
"2368058","1179317","1179317","1179317"
"2369827","1180199","1180199","1180199"
"2370228","1180399","1180399","1180399"
"2370565","1180567","1180567","1180567"
"2370966","1180767","1180767","1180767"
"2371367","1180967","1180967","1180967"
"2371768","1181167","1181167","1181167"
"2372169","1181367","1181367","1181367"
"2372570","1181567","1181567","1181567"
"2373529","1182045","1182045","1182045"
"2373930","1182245","1182245","1182245"
"2374331","1182445","1182445","1182445"
"2374544","1182551","1182551","1182551"
"2374769","1182663","1182663","1182663"
"2375371","1182963","1182963","1182963"
"2375772","1183163","1183163","1183163"
"2377210","1183880","1183880","1183880"
"2377503","1184026","1184026","1184026"
"2379015","1184780","1184780","1184780"
"2379416","1184980","1184980","1184980"
"2381421","1185980","1185980","1185980"
"2381822","1186180","1186180","1186180"
"2382223","1186380","1186380","1186380"
"2383025","1186780","1186780","1186780"
"2383208","1186871","1186871","1186871"
"2383609","1187071","1187071","1187071"
"2383918","1187225","1187225","1187225"
"2384578","1187554","1187554","1187554"
"2386583","1188554","1188554","1188554"
"2386826","1188675","1188675","1188675"
"2387109","1188816","1188816","1188816"
"2387510","1189016","1189016","1189016"
"2387911","1189216","1189216","1189216"
"2388713","1189616","1189616","1189616"
"2389114","1189816","1189816","1189816"
"2389882","1190199","1190199","1190199"
"2390283","1190399","1190399","1190399"
"2390684","1190599","1190599","1190599"
"2391085","1190799","1190799","1190799"
"2391486","1190999","1190999","1190999"
"2391887","1191199","1191199","1191199"
"2392288","1191399","1191399","1191399"
"2392689","1191599","1191599","1191599"
"2393397","1191952","1191952","1191952"
"2393798","1192152","1192152","1192152"
"2394199","1192352","1192352","1192352"
"2395001","1192752","1192752","1192752"
"2395402","1192952","1192952","1192952"
"2395663","1193082","1193082","1193082"
"2396064","1193282","1193282","1193282"
"2396465","1193482","1193482","1193482"
"2397267","1193882","1193882","1193882"
"2397468","1193982","1193982","1193982"
"2398270","1194382","1194382","1194382"
"2398671","1194582","1194582","1194582"
"2399072","1194782","1194782","1194782"
"2399383","1194937","1194937","1194937"
"2400586","1195537","1195537","1195537"
"2401342","1195914","1195914","1195914"
"2401743","1196114","1196114","1196114"
"2402144","1196314","1196314","1196314"
"2402822","1196652","1196652","1196652"
"2403223","1196852","1196852","1196852"
"2403624","1197052","1197052","1197052"
"2404025","1197252","1197252","1197252"
"2405228","1197852","1197852","1197852"
"2405629","1198052","1198052","1198052"
"2406030","1198252","1198252","1198252"
"2407099","1198785","1198785","1198785"
"2407316","1198893","1198893","1198893"
"2408008","1199238","1199238","1199238"
"2408409","1199438","1199438","1199438"
"2408810","1199638","1199638","1199638"
"2409211","1199838","1199838","1199838"
"2409935","1200199","1200199","1200199"
"2410336","1200399","1200399","1200399"
"2413059","1201757","1201757","1201757"
"2413460","1201957","1201957","1201957"
"2414262","1202357","1202357","1202357"
"2414663","1202557","1202557","1202557"
"2415064","1202757","1202757","1202757"
"2415373","1202911","1202911","1202911"
"2416977","1203711","1203711","1203711"
"2417679","1204061","1204061","1204061"
"2417914","1204178","1204178","1204178"
"2418520","1204480","1204480","1204480"
"2418921","1204680","1204680","1204680"
"2419663","1205050","1205050","1205050"
"2420465","1205450","1205450","1205450"
"2420866","1205650","1205650","1205650"
"2421267","1205850","1205850","1205850"
"2421484","1205958","1205958","1205958"
"2421883","1206157","1206157","1206157"
"2422154","1206292","1206292","1206292"
"2422555","1206492","1206492","1206492"
"2422826","1206627","1206627","1206627"
"2424645","1207534","1207534","1207534"
"2424930","1207676","1207676","1207676"
"2425331","1207876","1207876","1207876"
"2427737","1209076","1209076","1209076"
"2429133","1209772","1209772","1209772"
"2429534","1209972","1209972","1209972"
"2429990","1210199","1210199","1210199"
"2430391","1210399","1210399","1210399"
"2431995","1211199","1211199","1211199"
"2432212","1211307","1211307","1211307"
"2433014","1211707","1211707","1211707"
"2433415","1211907","1211907","1211907"
"2433636","1212017","1212017","1212017"
"2434438","1212417","1212417","1212417"
"2435240","1212817","1212817","1212817"
"2435641","1213017","1213017","1213017"
"2435886","1213139","1213139","1213139"
"2436287","1213339","1213339","1213339"
"2437089","1213739","1213739","1213739"
"2437490","1213939","1213939","1213939"
"2437891","1214139","1214139","1214139"
"2439896","1215139","1215139","1215139"
"2440247","1215314","1215314","1215314"
"2441851","1216114","1216114","1216114"
"2442249","1216312","1216312","1216312"
"2442454","1216414","1216414","1216414"
"2442855","1216614","1216614","1216614"
"2443256","1216814","1216814","1216814"
"2443491","1216931","1216931","1216931"
"2444694","1217531","1217531","1217531"
"2445496","1217931","1217931","1217931"
"2445897","1218131","1218131","1218131"
"2446146","1218255","1218255","1218255"
"2446547","1218455","1218455","1218455"
"2446848","1218605","1218605","1218605"
"2447249","1218805","1218805","1218805"
"2447650","1219005","1219005","1219005"
"2448051","1219205","1219205","1219205"
"2448452","1219405","1219405","1219405"
"2449254","1219805","1219805","1219805"
"2449505","1219930","1219930","1219930"
"2450045","1220199","1220199","1220199"
"2450446","1220399","1220399","1220399"
"2450695","1220523","1220523","1220523"
"2451432","1220890","1220890","1220890"
"2451833","1221090","1221090","1221090"
"2452234","1221290","1221290","1221290"
"2452880","1221612","1221612","1221612"
"2453682","1222012","1222012","1222012"
"2454083","1222212","1222212","1222212"
"2454484","1222412","1222412","1222412"
"2456489","1223412","1223412","1223412"
"2457486","1223909","1223909","1223909"
"2458112","1224221","1224221","1224221"
"2458409","1224369","1224369","1224369"
"2458810","1224569","1224569","1224569"
"2459095","1224711","1224711","1224711"
"2459897","1225111","1225111","1225111"
"2461100","1225711","1225711","1225711"
"2461277","1225799","1225799","1225799"
"2461498","1225909","1225909","1225909"
"2462589","1226453","1226453","1226453"
"2462990","1226653","1226653","1226653"
"2463792","1227053","1227053","1227053"
"2464422","1227367","1227367","1227367"
"2464735","1227523","1227523","1227523"
"2465136","1227723","1227723","1227723"
"2465327","1227818","1227818","1227818"
"2465728","1228018","1228018","1228018"
"2465933","1228120","1228120","1228120"
"2466334","1228320","1228320","1228320"
"2466735","1228520","1228520","1228520"
"2467136","1228720","1228720","1228720"
"2468339","1229320","1229320","1229320"
"2469392","1229845","1229845","1229845"
"2469908","1230102","1230102","1230102"
"2471318","1230805","1230805","1230805"
"2471549","1230920","1230920","1230920"
"2472752","1231520","1231520","1231520"
"2473344","1231815","1231815","1231815"
"2473693","1231989","1231989","1231989"
"2473934","1232109","1232109","1232109"
"2474261","1232272","1232272","1232272"
"2474506","1232394","1232394","1232394"
"2474907","1232594","1232594","1232594"
"2475709","1232994","1232994","1232994"
"2476161","1233219","1233219","1233219"
"2476562","1233419","1233419","1233419"
"2476841","1233558","1233558","1233558"
"2477242","1233758","1233758","1233758"
"2477643","1233958","1233958","1233958"
"2478044","1234158","1234158","1234158"
"2478217","1234244","1234244","1234244"
"2478494","1234382","1234382","1234382"
"2479152","1234710","1234710","1234710"
"2479385","1234826","1234826","1234826"
"2479786","1235026","1235026","1235026"
"2480187","1235226","1235226","1235226"
"2480588","1235426","1235426","1235426"
"2480857","1235560","1235560","1235560"
"2481258","1235760","1235760","1235760"
"2481659","1235960","1235960","1235960"
"2481884","1236072","1236072","1236072"
"2482207","1236233","1236233","1236233"
"2482985","1236621","1236621","1236621"
"2483386","1236821","1236821","1236821"
"2484188","1237221","1237221","1237221"
"2484589","1237421","1237421","1237421"
"2485391","1237821","1237821","1237821"
"2486041","1238145","1238145","1238145"
"2486442","1238345","1238345","1238345"
"2486843","1238545","1238545","1238545"
"2487244","1238745","1238745","1238745"
"2488046","1239145","1239145","1239145"
"2488447","1239345","1239345","1239345"
"2488848","1239545","1239545","1239545"
"2489125","1239683","1239683","1239683"
"2489526","1239883","1239883","1239883"
"2490160","1240199","1240199","1240199"
"2491606","1240920","1240920","1240920"
"2492007","1241120","1241120","1241120"
"2493331","1241780","1241780","1241780"
"2493971","1242099","1242099","1242099"
"2494372","1242299","1242299","1242299"
"2495505","1242864","1242864","1242864"
"2496307","1243264","1243264","1243264"
"2496708","1243464","1243464","1243464"
"2497348","1243783","1243783","1243783"
"2497749","1243983","1243983","1243983"
"2499353","1244783","1244783","1244783"
"2499754","1244983","1244983","1244983"
"2500085","1245148","1245148","1245148"
"2500486","1245348","1245348","1245348"
"2501204","1245706","1245706","1245706"
"2501605","1245906","1245906","1245906"
"2501820","1246013","1246013","1246013"
"2502067","1246136","1246136","1246136"
"2502468","1246336","1246336","1246336"
"2502869","1246536","1246536","1246536"
"2503473","1246837","1246837","1246837"
"2503874","1247037","1247037","1247037"
"2504275","1247237","1247237","1247237"
"2504676","1247437","1247437","1247437"
"2506095","1248144","1248144","1248144"
"2506733","1248462","1248462","1248462"
"2507134","1248662","1248662","1248662"
"2507353","1248771","1248771","1248771"
"2507714","1248951","1248951","1248951"
"2508115","1249151","1249151","1249151"
"2508643","1249414","1249414","1249414"
"2509445","1249814","1249814","1249814"
"2510217","1250199","1250199","1250199"
"2510618","1250399","1250399","1250399"
"2511836","1251006","1251006","1251006"
"2512133","1251154","1251154","1251154"
"2512855","1251514","1251514","1251514"
"2513627","1251899","1251899","1251899"
"2514028","1252099","1252099","1252099"
"2514269","1252219","1252219","1252219"
"2515071","1252619","1252619","1252619"
"2515472","1252819","1252819","1252819"
"2515873","1253019","1253019","1253019"
"2516274","1253219","1253219","1253219"
"2516946","1253554","1253554","1253554"
"2517347","1253754","1253754","1253754"
"2518149","1254154","1254154","1254154"
"2518951","1254554","1254554","1254554"
"2519352","1254754","1254754","1254754"
"2519627","1254891","1254891","1254891"
"2520028","1255091","1255091","1255091"
"2520329","1255241","1255241","1255241"
"2520730","1255441","1255441","1255441"
"2521131","1255641","1255641","1255641"
"2522168","1256158","1256158","1256158"
"2522569","1256358","1256358","1256358"
"2522798","1256472","1256472","1256472"
"2523141","1256643","1256643","1256643"
"2523542","1256843","1256843","1256843"
"2524344","1257243","1257243","1257243"
"2524745","1257443","1257443","1257443"
"2525822","1257980","1257980","1257980"
"2527016","1258575","1258575","1258575"
"2527235","1258684","1258684","1258684"
"2527636","1258884","1258884","1258884"
"2528037","1259084","1259084","1259084"
"2528438","1259284","1259284","1259284"
"2529641","1259884","1259884","1259884"
"2529868","1259997","1259997","1259997"
"2530274","1260199","1260199","1260199"
"2530675","1260399","1260399","1260399"
"2530850","1260486","1260486","1260486"
"2531508","1260814","1260814","1260814"
"2531909","1261014","1261014","1261014"
"2532142","1261130","1261130","1261130"
"2532543","1261330","1261330","1261330"
"2532944","1261530","1261530","1261530"
"2533345","1261730","1261730","1261730"
"2533552","1261833","1261833","1261833"
"2533953","1262033","1262033","1262033"
"2535156","1262633","1262633","1262633"
"2536502","1263304","1263304","1263304"
"2537591","1263847","1263847","1263847"
"2537992","1264047","1264047","1264047"
"2538393","1264247","1264247","1264247"
"2539596","1264847","1264847","1264847"
"2539807","1264952","1264952","1264952"
"2540208","1265152","1265152","1265152"
"2540471","1265283","1265283","1265283"
"2540872","1265483","1265483","1265483"
"2542476","1266283","1266283","1266283"
"2542877","1266483","1266483","1266483"
"2543244","1266666","1266666","1266666"
"2543645","1266866","1266866","1266866"
"2544046","1267066","1267066","1267066"
"2544447","1267266","1267266","1267266"
"2544848","1267466","1267466","1267466"
"2545650","1267866","1267866","1267866"
"2546051","1268066","1268066","1268066"
"2546613","1268346","1268346","1268346"
"2546872","1268475","1268475","1268475"
"2547674","1268875","1268875","1268875"
"2548228","1269151","1269151","1269151"
"2548629","1269351","1269351","1269351"
"2549030","1269551","1269551","1269551"
"2549431","1269751","1269751","1269751"
"2549832","1269951","1269951","1269951"
"2550330","1270199","1270199","1270199"
"2551533","1270799","1270799","1270799"
"2552193","1271128","1271128","1271128"
"2552995","1271528","1271528","1271528"
"2553396","1271728","1271728","1271728"
"2554044","1272051","1272051","1272051"
"2554445","1272251","1272251","1272251"
"2554724","1272390","1272390","1272390"
"2554935","1272495","1272495","1272495"
"2555208","1272631","1272631","1272631"
"2555489","1272771","1272771","1272771"
"2556171","1273111","1273111","1273111"
"2556572","1273311","1273311","1273311"
"2556863","1273456","1273456","1273456"
"2557264","1273656","1273656","1273656"
"2558066","1274056","1274056","1274056"
"2558508","1274276","1274276","1274276"
"2558909","1274476","1274476","1274476"
"2559310","1274676","1274676","1274676"
"2559711","1274876","1274876","1274876"
"2560070","1275055","1275055","1275055"
"2560471","1275255","1275255","1275255"
"2560872","1275455","1275455","1275455"
"2561221","1275629","1275629","1275629"
"2561622","1275829","1275829","1275829"
"2562023","1276029","1276029","1276029"
"2563032","1276532","1276532","1276532"
"2563433","1276732","1276732","1276732"
"2563834","1276932","1276932","1276932"
"2564235","1277132","1277132","1277132"
"2564636","1277332","1277332","1277332"
"2564875","1277451","1277451","1277451"
"2565677","1277851","1277851","1277851"
"2566078","1278051","1278051","1278051"
"2566479","1278251","1278251","1278251"
"2566880","1278451","1278451","1278451"
"2567682","1278851","1278851","1278851"
"2568484","1279251","1279251","1279251"
"2568849","1279433","1279433","1279433"
"2569072","1279544","1279544","1279544"
"2569738","1279876","1279876","1279876"
"2570314","1280163","1280163","1280163"
"2570571","1280291","1280291","1280291"
"2570972","1280491","1280491","1280491"
"2571207","1280608","1280608","1280608"
"2572009","1281008","1281008","1281008"
"2572238","1281122","1281122","1281122"
"2572639","1281322","1281322","1281322"
"2572874","1281439","1281439","1281439"
"2573275","1281639","1281639","1281639"
"2573676","1281839","1281839","1281839"
"2574077","1282039","1282039","1282039"
"2574380","1282190","1282190","1282190"
"2574601","1282300","1282300","1282300"
"2575002","1282500","1282500","1282500"
"2575403","1282700","1282700","1282700"
"2575804","1282900","1282900","1282900"
"2576606","1283300","1283300","1283300"
"2577007","1283500","1283500","1283500"
"2577408","1283700","1283700","1283700"
"2578911","1284449","1284449","1284449"
"2579196","1284591","1284591","1284591"
"2579597","1284791","1284791","1284791"
"2579998","1284991","1284991","1284991"
"2580634","1285308","1285308","1285308"
"2581326","1285653","1285653","1285653"
"2581727","1285853","1285853","1285853"
"2582489","1286233","1286233","1286233"
"2582890","1286433","1286433","1286433"
"2583291","1286633","1286633","1286633"
"2583654","1286814","1286814","1286814"
"2583909","1286941","1286941","1286941"
"2584310","1287141","1287141","1287141"
"2584469","1287220","1287220","1287220"
"2584870","1287420","1287420","1287420"
"2585703","1287835","1287835","1287835"
"2585898","1287932","1287932","1287932"
"2586843","1288403","1288403","1288403"
"2588183","1289071","1289071","1289071"
"2588584","1289271","1289271","1289271"
"2588985","1289471","1289471","1289471"
"2589627","1289791","1289791","1289791"
"2590028","1289991","1289991","1289991"
"2590446","1290199","1290199","1290199"
"2590659","1290305","1290305","1290305"
"2592033","1290990","1290990","1290990"
"2592244","1291095","1291095","1291095"
"2592638","1291291","1291291","1291291"
"2593635","1291788","1291788","1291788"
"2594229","1292084","1292084","1292084"
"2594851","1292394","1292394","1292394"
"2595591","1292763","1292763","1292763"
"2595992","1292963","1292963","1292963"
"2596215","1293074","1293074","1293074"
"2596616","1293274","1293274","1293274"
"2597667","1293798","1293798","1293798"
"2597836","1293882","1293882","1293882"
"2598638","1294282","1294282","1294282"
"2598867","1294396","1294396","1294396"
"2600367","1295144","1295144","1295144"
"2600768","1295344","1295344","1295344"
"2601570","1295744","1295744","1295744"
"2601971","1295944","1295944","1295944"
"2602220","1296068","1296068","1296068"
"2603229","1296571","1296571","1296571"
"2603530","1296721","1296721","1296721"
"2603931","1296921","1296921","1296921"
"2604383","1297146","1297146","1297146"
"2604594","1297251","1297251","1297251"
"2604995","1297451","1297451","1297451"
"2605698","1297801","1297801","1297801"
"2605999","1297951","1297951","1297951"
"2606212","1298057","1298057","1298057"
"2607418","1298658","1298658","1298658"
"2607906","1298901","1298901","1298901"
"2608307","1299101","1299101","1299101"
"2608708","1299301","1299301","1299301"
"2608891","1299392","1299392","1299392"
"2609292","1299592","1299592","1299592"
"2610510","1300199","1300199","1300199"
"2611312","1300599","1300599","1300599"
"2611713","1300799","1300799","1300799"
"2612114","1300999","1300999","1300999"
"2612916","1301399","1301399","1301399"
"2613081","1301481","1301481","1301481"
"2613883","1301881","1301881","1301881"
"2614459","1302168","1302168","1302168"
"2614624","1302250","1302250","1302250"
"2615025","1302450","1302450","1302450"
"2615426","1302650","1302650","1302650"
"2615827","1302850","1302850","1302850"
"2616052","1302962","1302962","1302962"
"2616453","1303162","1303162","1303162"
"2617255","1303562","1303562","1303562"
"2617656","1303762","1303762","1303762"
"2618458","1304162","1304162","1304162"
"2618859","1304362","1304362","1304362"
"2619088","1304476","1304476","1304476"
"2619489","1304676","1304676","1304676"
"2620199","1305030","1305030","1305030"
"2620370","1305115","1305115","1305115"
"2620771","1305315","1305315","1305315"
"2621526","1305691","1305691","1305691"
"2622122","1305988","1305988","1305988"
"2622523","1306188","1306188","1306188"
"2623726","1306788","1306788","1306788"
"2624877","1307362","1307362","1307362"
"2625660","1307752","1307752","1307752"
"2626061","1307952","1307952","1307952"
"2626350","1308096","1308096","1308096"
"2626751","1308296","1308296","1308296"
"2627152","1308496","1308496","1308496"
"2628426","1309131","1309131","1309131"
"2628827","1309331","1309331","1309331"
"2629668","1309750","1309750","1309750"
"2629883","1309857","1309857","1309857"
"2630126","1309978","1309978","1309978"
"2630360","1310094","1310094","1310094"
"2630761","1310294","1310294","1310294"
"2631162","1310494","1310494","1310494"
"2631563","1310694","1310694","1310694"
"2631768","1310796","1310796","1310796"
"2632169","1310996","1310996","1310996"
"2632955","1311388","1311388","1311388"
"2633757","1311788","1311788","1311788"
"2634750","1312283","1312283","1312283"
"2634947","1312381","1312381","1312381"
"2635348","1312581","1312581","1312581"
"2636150","1312981","1312981","1312981"
"2636491","1313151","1313151","1313151"
"2636892","1313351","1313351","1313351"
"2637293","1313551","1313551","1313551"
"2637694","1313751","1313751","1313751"
"2638095","1313951","1313951","1313951"
"2638374","1314090","1314090","1314090"
"2638730","1314267","1314267","1314267"
"2639380","1314591","1314591","1314591"
"2640038","1314919","1314919","1314919"
"2640840","1315319","1315319","1315319"
"2641241","1315519","1315519","1315519"
"2641913","1315854","1315854","1315854"
"2642314","1316054","1316054","1316054"
"2642715","1316254","1316254","1316254"
"2643792","1316791","1316791","1316791"
"2644027","1316908","1316908","1316908"
"2644428","1317108","1317108","1317108"
"2644637","1317212","1317212","1317212"
"2645038","1317412","1317412","1317412"
"2645840","1317812","1317812","1317812"
"2646241","1318012","1318012","1318012"
"2646642","1318212","1318212","1318212"
"2647043","1318412","1318412","1318412"
"2647845","1318812","1318812","1318812"
"2648194","1318986","1318986","1318986"
"2648595","1319186","1319186","1319186"
"2649397","1319586","1319586","1319586"
"2650627","1320199","1320199","1320199"
"2650804","1320287","1320287","1320287"
"2650963","1320366","1320366","1320366"
"2651364","1320566","1320566","1320566"
"2652138","1320952","1320952","1320952"
"2652381","1321073","1321073","1321073"
"2652574","1321169","1321169","1321169"
"2652975","1321369","1321369","1321369"
"2653376","1321569","1321569","1321569"
"2653780","1321770","1321770","1321770"
"2654027","1321893","1321893","1321893"
"2654517","1322137","1322137","1322137"
"2655319","1322537","1322537","1322537"
"2655720","1322737","1322737","1322737"
"2656121","1322937","1322937","1322937"
"2656522","1323137","1323137","1323137"
"2657782","1323765","1323765","1323765"
"2658073","1323910","1323910","1323910"
"2659276","1324510","1324510","1324510"
"2660024","1324883","1324883","1324883"
"2660425","1325083","1325083","1325083"
"2660826","1325283","1325283","1325283"
"2661227","1325483","1325483","1325483"
"2661628","1325683","1325683","1325683"
"2661841","1325789","1325789","1325789"
"2662447","1326091","1326091","1326091"
"2662848","1326291","1326291","1326291"
"2663249","1326491","1326491","1326491"
"2664051","1326891","1326891","1326891"
"2664452","1327091","1327091","1327091"
"2665254","1327491","1327491","1327491"
"2665519","1327623","1327623","1327623"
"2665752","1327739","1327739","1327739"
"2666153","1327939","1327939","1327939"
"2666955","1328339","1328339","1328339"
"2667356","1328539","1328539","1328539"
"2667589","1328655","1328655","1328655"
"2667818","1328769","1328769","1328769"
"2668219","1328969","1328969","1328969"
"2668620","1329169","1329169","1329169"
"2669021","1329369","1329369","1329369"
"2669286","1329501","1329501","1329501"
"2669687","1329701","1329701","1329701"
"2670088","1329901","1329901","1329901"
"2671087","1330399","1330399","1330399"
"2672621","1331164","1331164","1331164"
"2672868","1331287","1331287","1331287"
"2674076","1331889","1331889","1331889"
"2674878","1332289","1332289","1332289"
"2675063","1332381","1332381","1332381"
"2675464","1332581","1332581","1332581"
"2675865","1332781","1332781","1332781"
"2676527","1333111","1333111","1333111"
"2676928","1333311","1333311","1333311"
"2677329","1333511","1333511","1333511"
"2678087","1333889","1333889","1333889"
"2678488","1334089","1334089","1334089"
"2678889","1334289","1334289","1334289"
"2679092","1334390","1334390","1334390"
"2679493","1334590","1334590","1334590"
"2679894","1334790","1334790","1334790"
"2680295","1334990","1334990","1334990"
"2680696","1335190","1335190","1335190"
"2680923","1335303","1335303","1335303"
"2681324","1335503","1335503","1335503"
"2681725","1335703","1335703","1335703"
"2682126","1335903","1335903","1335903"
"2683704","1336690","1336690","1336690"
"2684506","1337090","1337090","1337090"
"2684775","1337224","1337224","1337224"
"2685176","1337424","1337424","1337424"
"2686379","1338024","1338024","1338024"
"2687029","1338348","1338348","1338348"
"2687322","1338494","1338494","1338494"
"2687723","1338694","1338694","1338694"
"2689161","1339411","1339411","1339411"
"2689963","1339811","1339811","1339811"
"2690619","1340138","1340138","1340138"
"2692827","1341239","1341239","1341239"
"2693768","1341708","1341708","1341708"
"2694169","1341908","1341908","1341908"
"2694412","1342029","1342029","1342029"
"2694813","1342229","1342229","1342229"
"2695615","1342629","1342629","1342629"
"2696417","1343029","1343029","1343029"
"2696818","1343229","1343229","1343229"
"2697059","1343349","1343349","1343349"
"2698493","1344064","1344064","1344064"
"2699757","1344694","1344694","1344694"
"2700559","1345094","1345094","1345094"
"2700860","1345244","1345244","1345244"
"2701931","1345778","1345778","1345778"
"2702351","1345987","1345987","1345987"
"2702654","1346138","1346138","1346138"
"2702837","1346229","1346229","1346229"
"2703078","1346349","1346349","1346349"
"2703479","1346549","1346549","1346549"
"2703686","1346652","1346652","1346652"
"2704488","1347052","1347052","1347052"
"2704737","1347176","1347176","1347176"
"2705443","1347528","1347528","1347528"
"2706245","1347928","1347928","1347928"
"2706646","1348128","1348128","1348128"
"2707448","1348528","1348528","1348528"
"2708026","1348816","1348816","1348816"
"2708828","1349216","1349216","1349216"
"2710349","1349974","1349974","1349974"
"2711098","1350347","1350347","1350347"
"2712301","1350947","1350947","1350947"
"2712702","1351147","1351147","1351147"
"2713103","1351347","1351347","1351347"
"2713300","1351445","1351445","1351445"
"2713701","1351645","1351645","1351645"
"2714425","1352006","1352006","1352006"
"2715628","1352606","1352606","1352606"
"2716029","1352806","1352806","1352806"
"2717034","1353307","1353307","1353307"
"2717255","1353417","1353417","1353417"
"2717789","1353683","1353683","1353683"
"2718591","1354083","1354083","1354083"
"2718985","1354279","1354279","1354279"
"2719208","1354390","1354390","1354390"
"2719609","1354590","1354590","1354590"
"2720010","1354790","1354790","1354790"
"2721060","1355313","1355313","1355313"
"2721461","1355513","1355513","1355513"
"2722801","1356181","1356181","1356181"
"2723202","1356381","1356381","1356381"
"2723437","1356498","1356498","1356498"
"2723838","1356698","1356698","1356698"
"2724027","1356792","1356792","1356792"
"2724428","1356992","1356992","1356992"
"2724829","1357192","1357192","1357192"
"2725405","1357479","1357479","1357479"
"2725806","1357679","1357679","1357679"
"2726207","1357879","1357879","1357879"
"2726466","1358008","1358008","1358008"
"2727517","1358532","1358532","1358532"
"2727918","1358732","1358732","1358732"
"2728319","1358932","1358932","1358932"
"2728500","1359022","1359022","1359022"
"2729232","1359387","1359387","1359387"
"2729475","1359508","1359508","1359508"
"2730277","1359908","1359908","1359908"
"2730861","1360199","1360199","1360199"
"2731262","1360399","1360399","1360399"
"2731663","1360599","1360599","1360599"
"2732064","1360799","1360799","1360799"
"2732465","1360999","1360999","1360999"
"2732866","1361199","1361199","1361199"
"2733033","1361282","1361282","1361282"
"2733835","1361682","1361682","1361682"
"2734333","1361930","1361930","1361930"
"2734516","1362021","1362021","1362021"
"2734917","1362221","1362221","1362221"
"2735104","1362314","1362314","1362314"
"2735385","1362454","1362454","1362454"
"2735786","1362654","1362654","1362654"
"2736187","1362854","1362854","1362854"
"2736588","1363054","1363054","1363054"
"2736973","1363246","1363246","1363246"
"2737374","1363446","1363446","1363446"
"2737775","1363646","1363646","1363646"
"2738978","1364246","1364246","1364246"
"2739191","1364352","1364352","1364352"
"2739512","1364512","1364512","1364512"
"2740314","1364912","1364912","1364912"
"2741116","1365312","1365312","1365312"
"2741517","1365512","1365512","1365512"
"2741700","1365603","1365603","1365603"
"2742282","1365893","1365893","1365893"
"2742581","1366042","1366042","1366042"
"2743422","1366461","1366461","1366461"
"2743823","1366661","1366661","1366661"
"2745205","1367350","1367350","1367350"
"2745606","1367550","1367550","1367550"
"2745925","1367709","1367709","1367709"
"2746615","1368053","1368053","1368053"
"2747016","1368253","1368253","1368253"
"2747301","1368395","1368395","1368395"
"2747702","1368595","1368595","1368595"
"2748103","1368795","1368795","1368795"
"2749131","1369307","1369307","1369307"
"2749780","1369630","1369630","1369630"
"2750181","1369830","1369830","1369830"
"2750412","1369945","1369945","1369945"
"2751638","1370556","1370556","1370556"
"2751835","1370654","1370654","1370654"
"2751978","1370725","1370725","1370725"
"2752379","1370925","1370925","1370925"
"2752915","1371192","1371192","1371192"
"2753316","1371392","1371392","1371392"
"2753495","1371481","1371481","1371481"
"2753989","1371727","1371727","1371727"
"2754202","1371833","1371833","1371833"
"2754349","1371906","1371906","1371906"
"2754957","1372209","1372209","1372209"
"2755168","1372314","1372314","1372314"
"2755742","1372600","1372600","1372600"
"2756143","1372800","1372800","1372800"
"2756623","1373039","1373039","1373039"
"2757143","1373298","1373298","1373298"
"2757544","1373498","1373498","1373498"
"2758438","1373943","1373943","1373943"
"2758777","1374112","1374112","1374112"
"2759088","1374267","1374267","1374267"
"2759489","1374467","1374467","1374467"
"2759632","1374538","1374538","1374538"
"2760158","1374800","1374800","1374800"
"2760317","1374879","1374879","1374879"
"2760464","1374952","1374952","1374952"
"2761362","1375399","1375399","1375399"
"2762093","1375763","1375763","1375763"
"2762494","1375963","1375963","1375963"
"2763008","1376219","1376219","1376219"
"2763153","1376291","1376291","1376291"
"2763302","1376365","1376365","1376365"
"2763703","1376565","1376565","1376565"
"2764499","1376961","1376961","1376961"
"2764622","1377022","1377022","1377022"
"2764789","1377105","1377105","1377105"
"2765179","1377299","1377299","1377299"
"2765487","1377452","1377452","1377452"
"2766206","1377810","1377810","1377810"
"2766672","1378042","1378042","1378042"
"2766851","1378131","1378131","1378131"
"2767159","1378284","1378284","1378284"
"2767507","1378457","1378457","1378457"
"2767700","1378553","1378553","1378553"
"2767867","1378636","1378636","1378636"
"2768431","1378917","1378917","1378917"
"2768670","1379036","1379036","1379036"
"2768905","1379153","1379153","1379153"
"2769080","1379240","1379240","1379240"
"2769271","1379335","1379335","1379335"
"2769572","1379485","1379485","1379485"
"2769729","1379563","1379563","1379563"
"2769876","1379636","1379636","1379636"
"2770277","1379836","1379836","1379836"
"2770442","1379918","1379918","1379918"
"2770758","1380075","1380075","1380075"
"2772167","1380777","1380777","1380777"
"2773036","1381210","1381210","1381210"
"2773193","1381288","1381288","1381288"
"2773350","1381366","1381366","1381366"
"2773684","1381532","1381532","1381532"
"2774570","1381973","1381973","1381973"
"2775014","1382194","1382194","1382194"
"2775415","1382394","1382394","1382394"
"2775608","1382490","1382490","1382490"
"2776042","1382706","1382706","1382706"
"2776323","1382846","1382846","1382846"
"2776484","1382926","1382926","1382926"
"2777008","1383187","1383187","1383187"
"2777185","1383275","1383275","1383275"
"2777348","1383356","1383356","1383356"
"2777481","1383422","1383422","1383422"
"2777789","1383575","1383575","1383575"
"2778006","1383683","1383683","1383683"
"2778143","1383751","1383751","1383751"
"2778306","1383832","1383832","1383832"
"2779168","1384261","1384261","1384261"
"2779337","1384345","1384345","1384345"
"2779592","1384472","1384472","1384472"
"2779745","1384548","1384548","1384548"
"2780440","1384894","1384894","1384894"
"2780683","1385015","1385015","1385015"
"2780820","1385083","1385083","1385083"
"2780977","1385161","1385161","1385161"
"2781150","1385247","1385247","1385247"
"2781337","1385340","1385340","1385340"
"2781454","1385398","1385398","1385398"
"2781804","1385572","1385572","1385572"
"2782212","1385775","1385775","1385775"
"2782580","1385958","1385958","1385958"
"2782727","1386031","1386031","1386031"
"2782894","1386114","1386114","1386114"
"2783206","1386269","1386269","1386269"
"2783385","1386358","1386358","1386358"
"2783588","1386459","1386459","1386459"
"2783793","1386561","1386561","1386561"
"2783950","1386639","1386639","1386639"
"2784165","1386746","1386746","1386746"
"2784318","1386822","1386822","1386822"
"2784600","1386962","1386962","1386962"
"2785270","1387295","1387295","1387295"
"2785439","1387379","1387379","1387379"
"2785562","1387440","1387440","1387440"
"2785763","1387540","1387540","1387540"
"2786334","1387824","1387824","1387824"
"2786688","1388000","1388000","1388000"
"2786891","1388101","1388101","1388101"
"2787475","1388392","1388392","1388392"
"2787608","1388458","1388458","1388458"
"2788010","1388658","1388658","1388658"
"2788177","1388741","1388741","1388741"
"2788340","1388822","1388822","1388822"
"2788571","1388937","1388937","1388937"
"2788968","1389135","1389135","1389135"
"2789115","1389208","1389208","1389208"
"2790147","1389722","1389722","1389722"
"2790320","1389808","1389808","1389808"
"2790601","1389948","1389948","1389948"
"2790893","1390093","1390093","1390093"
"2791058","1390175","1390175","1390175"
"2791249","1390270","1390270","1390270"
"2791466","1390378","1390378","1390378"
"2791828","1390558","1390558","1390558"
"2792453","1390869","1390869","1390869"
"2793300","1391291","1391291","1391291"
"2794034","1391657","1391657","1391657"
"2794205","1391742","1391742","1391742"
"2794665","1391971","1391971","1391971"
"2794852","1392064","1392064","1392064"
"2795023","1392149","1392149","1392149"
"2795198","1392236","1392236","1392236"
"2795538","1392405","1392405","1392405"
"2795685","1392478","1392478","1392478"
"2796026","1392648","1392648","1392648"
"2796189","1392729","1392729","1392729"
"2796542","1392905","1392905","1392905"
"2797134","1393200","1393200","1393200"
"2797568","1393416","1393416","1393416"
"2798128","1393695","1393695","1393695"
"2798309","1393785","1393785","1393785"
"2798466","1393863","1393863","1393863"
"2799032","1394145","1394145","1394145"
"2799346","1394301","1394301","1394301"
"2799527","1394391","1394391","1394391"
"2799910","1394582","1394582","1394582"
"2800047","1394650","1394650","1394650"
"2800483","1394867","1394867","1394867"
"2800686","1394968","1394968","1394968"
"2800839","1395044","1395044","1395044"
"2801181","1395214","1395214","1395214"
"2801458","1395352","1395352","1395352"
"2802037","1395640","1395640","1395640"
"2802200","1395721","1395721","1395721"
"2802399","1395820","1395820","1395820"
"2802526","1395883","1395883","1395883"
"2802669","1395954","1395954","1395954"
"2802977","1396107","1396107","1396107"
"2803124","1396180","1396180","1396180"
"2803702","1396468","1396468","1396468"
"2804236","1396734","1396734","1396734"
"2804379","1396805","1396805","1396805"
"2804542","1396886","1396886","1396886"
"2804890","1397059","1397059","1397059"
"2805372","1397299","1397299","1397299"
"2805523","1397374","1397374","1397374"
"2805924","1397574","1397574","1397574"
"2806224","1397723","1397723","1397723"
"2806569","1397895","1397895","1397895"
"2806939","1398079","1398079","1398079"
"2807458","1398337","1398337","1398337"
"2808315","1398764","1398764","1398764"
"2808875","1399043","1399043","1399043"
"2809010","1399110","1399110","1399110"
"2809227","1399218","1399218","1399218"
"2809572","1399390","1399390","1399390"
"2809779","1399493","1399493","1399493"
"2810016","1399611","1399611","1399611"
"2810169","1399687","1399687","1399687"
"2810326","1399765","1399765","1399765"
"2810727","1399965","1399965","1399965"
"2811598","1400399","1400399","1400399"
"2812006","1400602","1400602","1400602"
"2812407","1400802","1400802","1400802"
"2813258","1401226","1401226","1401226"
"2813387","1401290","1401290","1401290"
"2813797","1401494","1401494","1401494"
"2813928","1401559","1401559","1401559"
"2814384","1401786","1401786","1401786"
"2814537","1401862","1401862","1401862"
"2814768","1401977","1401977","1401977"
"2814997","1402091","1402091","1402091"
"2815226","1402205","1402205","1402205"
"2815627","1402405","1402405","1402405"
"2815790","1402486","1402486","1402486"
"2815923","1402552","1402552","1402552"
"2816487","1402833","1402833","1402833"
"2817049","1403113","1403113","1403113"
"2817422","1403299","1403299","1403299"
"2817609","1403392","1403392","1403392"
"2817830","1403502","1403502","1403502"
"2818150","1403661","1403661","1403661"
"2818281","1403726","1403726","1403726"
"2818833","1404001","1404001","1404001"
"2819010","1404089","1404089","1404089"
"2819249","1404208","1404208","1404208"
"2819717","1404441","1404441","1404441"
"2820676","1404919","1404919","1404919"
"2821689","1405424","1405424","1405424"
"2823079","1406117","1406117","1406117"
"2823879","1406515","1406515","1406515"
"2824262","1406706","1406706","1406706"
"2824477","1406813","1406813","1406813"
"2824652","1406900","1406900","1406900"
"2824835","1406991","1406991","1406991"
"2825236","1407191","1407191","1407191"
"2825467","1407306","1407306","1407306"
"2825868","1407506","1407506","1407506"
"2826007","1407575","1407575","1407575"
"2826408","1407775","1407775","1407775"
"2826657","1407899","1407899","1407899"
"2826942","1408041","1408041","1408041"
"2827343","1408241","1408241","1408241"
"2828162","1408649","1408649","1408649"
"2828325","1408730","1408730","1408730"
"2828460","1408797","1408797","1408797"
"2829166","1409149","1409149","1409149"
"2829567","1409349","1409349","1409349"
"2829864","1409497","1409497","1409497"
"2830265","1409697","1409697","1409697"
"2831272","1410199","1410199","1410199"
"2831551","1410338","1410338","1410338"
"2831772","1410448","1410448","1410448"
"2832156","1410639","1410639","1410639"
"2832557","1410839","1410839","1410839"
"2832794","1410957","1410957","1410957"
"2833368","1411243","1411243","1411243"
"2833681","1411399","1411399","1411399"
"2834036","1411576","1411576","1411576"
"2834283","1411699","1411699","1411699"
"2834550","1411832","1411832","1411832"
"2834759","1411936","1411936","1411936"
"2835642","1412376","1412376","1412376"
"2835859","1412484","1412484","1412484"
"2836260","1412684","1412684","1412684"
"2836513","1412810","1412810","1412810"
"2836811","1412958","1412958","1412958"
"2837010","1413057","1413057","1413057"
"2837542","1413322","1413322","1413322"
"2837719","1413410","1413410","1413410"
"2838534","1413816","1413816","1413816"
"2838717","1413907","1413907","1413907"
"2839118","1414107","1414107","1414107"
"2839519","1414307","1414307","1414307"
"2839848","1414471","1414471","1414471"
"2840249","1414671","1414671","1414671"
"2840843","1414967","1414967","1414967"
"2841244","1415167","1415167","1415167"
"2841833","1415460","1415460","1415460"
"2842910","1415997","1415997","1415997"
"2843528","1416305","1416305","1416305"
"2843771","1416426","1416426","1416426"
"2844551","1416815","1416815","1416815"
"2844952","1417015","1417015","1417015"
"2845131","1417104","1417104","1417104"
"2845532","1417304","1417304","1417304"
"2845933","1417504","1417504","1417504"
"2846334","1417704","1417704","1417704"
"2846735","1417904","1417904","1417904"
"2846974","1418023","1418023","1418023"
"2847263","1418167","1418167","1418167"
"2847789","1418429","1418429","1418429"
"2848421","1418744","1418744","1418744"
"2848590","1418828","1418828","1418828"
"2848991","1419028","1419028","1419028"
"2849818","1419440","1419440","1419440"
"2850482","1419771","1419771","1419771"
"2850883","1419971","1419971","1419971"
"2851341","1420199","1420199","1420199"
"2851576","1420316","1420316","1420316"
"2853307","1421179","1421179","1421179"
"2853622","1421336","1421336","1421336"
"2853793","1421421","1421421","1421421"
"2854405","1421726","1421726","1421726"
"2854798","1421922","1421922","1421922"
"2855199","1422122","1422122","1422122"
"2855600","1422322","1422322","1422322"
"2856001","1422522","1422522","1422522"
"2856946","1422993","1422993","1422993"
"2857193","1423116","1423116","1423116"
"2857594","1423316","1423316","1423316"
"2857911","1423474","1423474","1423474"
"2858312","1423674","1423674","1423674"
"2858713","1423874","1423874","1423874"
"2859997","1424514","1424514","1424514"
"2860398","1424714","1424714","1424714"
"2860773","1424901","1424901","1424901"
"2861265","1425146","1425146","1425146"
"2861917","1425471","1425471","1425471"
"2862719","1425871","1425871","1425871"
"2863048","1426035","1426035","1426035"
"2863251","1426136","1426136","1426136"
"2863442","1426231","1426231","1426231"
"2863990","1426504","1426504","1426504"
"2864221","1426619","1426619","1426619"
"2864404","1426710","1426710","1426710"
"2864805","1426910","1426910","1426910"
"2865407","1427210","1427210","1427210"
"2865808","1427410","1427410","1427410"
"2866412","1427711","1427711","1427711"
"2867214","1428111","1428111","1428111"
"2867441","1428224","1428224","1428224"
"2867842","1428424","1428424","1428424"
"2868099","1428552","1428552","1428552"
"2868500","1428752","1428752","1428752"
"2869302","1429152","1429152","1429152"
"2870104","1429552","1429552","1429552"
"2870301","1429650","1429650","1429650"
"2870702","1429850","1429850","1429850"
"2871364","1430180","1430180","1430180"
"2871643","1430319","1430319","1430319"
"2871922","1430458","1430458","1430458"
"2872323","1430658","1430658","1430658"
"2872724","1430858","1430858","1430858"
"2872923","1430957","1430957","1430957"
"2873144","1431067","1431067","1431067"
"2873545","1431267","1431267","1431267"
"2874215","1431601","1431601","1431601"
"2874616","1431801","1431801","1431801"
"2875017","1432001","1432001","1432001"
"2875511","1432247","1432247","1432247"
"2876313","1432647","1432647","1432647"
"2876901","1432940","1432940","1432940"
"2877102","1433040","1433040","1433040"
"2877656","1433316","1433316","1433316"
"2877921","1433448","1433448","1433448"
"2878322","1433648","1433648","1433648"
"2879836","1434403","1434403","1434403"
"2880237","1434603","1434603","1434603"
"2880638","1434803","1434803","1434803"
"2881440","1435203","1435203","1435203"
"2882242","1435603","1435603","1435603"
"2882643","1435803","1435803","1435803"
"2882972","1435967","1435967","1435967"
"2883774","1436367","1436367","1436367"
"2884422","1436690","1436690","1436690"
"2884823","1436890","1436890","1436890"
"2885224","1437090","1437090","1437090"
"2885621","1437288","1437288","1437288"
"2886022","1437488","1437488","1437488"
"2886423","1437688","1437688","1437688"
"2886824","1437888","1437888","1437888"
"2887971","1438460","1438460","1438460"
"2888372","1438660","1438660","1438660"
"2889401","1439173","1439173","1439173"
"2890203","1439573","1439573","1439573"
"2890604","1439773","1439773","1439773"
"2891005","1439973","1439973","1439973"
"2891860","1440399","1440399","1440399"
"2892261","1440599","1440599","1440599"
"2892975","1440955","1440955","1440955"
"2894178","1441555","1441555","1441555"
"2894579","1441755","1441755","1441755"
"2894980","1441955","1441955","1441955"
"2895782","1442355","1442355","1442355"
"2896183","1442555","1442555","1442555"
"2896584","1442755","1442755","1442755"
"2896985","1442955","1442955","1442955"
"2897220","1443072","1443072","1443072"
"2897621","1443272","1443272","1443272"
"2898022","1443472","1443472","1443472"
"2898423","1443672","1443672","1443672"
"2898824","1443872","1443872","1443872"
"2899225","1444072","1444072","1444072"
"2899626","1444272","1444272","1444272"
"2899911","1444414","1444414","1444414"
"2900854","1444884","1444884","1444884"
"2901255","1445084","1445084","1445084"
"2901656","1445284","1445284","1445284"
"2902057","1445484","1445484","1445484"
"2902290","1445600","1445600","1445600"
"2902691","1445800","1445800","1445800"
"2903092","1446000","1446000","1446000"
"2903277","1446092","1446092","1446092"
"2903678","1446292","1446292","1446292"
"2904079","1446492","1446492","1446492"
"2905683","1447292","1447292","1447292"
"2906485","1447692","1447692","1447692"
"2906886","1447892","1447892","1447892"
"2907287","1448092","1448092","1448092"
"2908089","1448492","1448492","1448492"
"2908436","1448665","1448665","1448665"
"2909639","1449265","1449265","1449265"
"2910040","1449465","1449465","1449465"
"2910441","1449665","1449665","1449665"
"2911512","1450199","1450199","1450199"
"2911913","1450399","1450399","1450399"
"2912314","1450599","1450599","1450599"
"2912715","1450799","1450799","1450799"
"2913116","1450999","1450999","1450999"
"2913918","1451399","1451399","1451399"
"2914319","1451599","1451599","1451599"
"2915522","1452199","1452199","1452199"
"2915923","1452399","1452399","1452399"
"2916324","1452599","1452599","1452599"
"2916725","1452799","1452799","1452799"
"2917928","1453399","1453399","1453399"
"2918329","1453599","1453599","1453599"
"2918730","1453799","1453799","1453799"
"2919131","1453999","1453999","1453999"
"2919532","1454199","1454199","1454199"
"2919933","1454399","1454399","1454399"
"2921136","1454999","1454999","1454999"
"2921938","1455399","1455399","1455399"
"2922231","1455545","1455545","1455545"
"2922632","1455745","1455745","1455745"
"2923434","1456145","1456145","1456145"
"2923835","1456345","1456345","1456345"
"2924236","1456545","1456545","1456545"
"2925038","1456945","1456945","1456945"
"2925439","1457145","1457145","1457145"
"2926642","1457745","1457745","1457745"
"2927043","1457945","1457945","1457945"
"2927444","1458145","1458145","1458145"
"2927845","1458345","1458345","1458345"
"2928647","1458745","1458745","1458745"
"2929449","1459145","1459145","1459145"
"2930123","1459481","1459481","1459481"
"2930524","1459681","1459681","1459681"
"2930925","1459881","1459881","1459881"
"2931563","1460199","1460199","1460199"
"2932365","1460599","1460599","1460599"
"2932766","1460799","1460799","1460799"
"2933167","1460999","1460999","1460999"
"2933568","1461199","1461199","1461199"
"2933913","1461371","1461371","1461371"
"2934715","1461771","1461771","1461771"
"2935116","1461971","1461971","1461971"
"2935517","1462171","1462171","1462171"
"2935918","1462371","1462371","1462371"
"2936720","1462771","1462771","1462771"
"2937121","1462971","1462971","1462971"
"2937923","1463371","1463371","1463371"
"2938324","1463571","1463571","1463571"
"2938725","1463771","1463771","1463771"
"2939126","1463971","1463971","1463971"
"2939527","1464171","1464171","1464171"
"2940730","1464771","1464771","1464771"
"2941131","1464971","1464971","1464971"
"2941532","1465171","1465171","1465171"
"2941933","1465371","1465371","1465371"
"2942334","1465571","1465571","1465571"
"2942735","1465771","1465771","1465771"
"2943938","1466371","1466371","1466371"
"2944740","1466771","1466771","1466771"
"2945141","1466971","1466971","1466971"
"2945542","1467171","1467171","1467171"
"2945943","1467371","1467371","1467371"
"2946745","1467771","1467771","1467771"
"2947146","1467971","1467971","1467971"
"2948349","1468571","1468571","1468571"
"2948750","1468771","1468771","1468771"
"2949151","1468971","1468971","1468971"
"2949789","1469289","1469289","1469289"
"2950190","1469489","1469489","1469489"
"2950591","1469689","1469689","1469689"
"2950992","1469889","1469889","1469889"
"2951614","1470199","1470199","1470199"
"2952015","1470399","1470399","1470399"
"2952416","1470599","1470599","1470599"
"2952817","1470799","1470799","1470799"
"2953218","1470999","1470999","1470999"
"2953619","1471199","1471199","1471199"
"2954421","1471599","1471599","1471599"
"2954822","1471799","1471799","1471799"
"2955223","1471999","1471999","1471999"
"2955624","1472199","1472199","1472199"
"2956025","1472399","1472399","1472399"
"2957694","1473231","1473231","1473231"
"2958095","1473431","1473431","1473431"
"2958496","1473631","1473631","1473631"
"2958897","1473831","1473831","1473831"
"2959298","1474031","1474031","1474031"
"2959699","1474231","1474231","1474231"
"2960100","1474431","1474431","1474431"
"2960501","1474631","1474631","1474631"
"2961107","1474933","1474933","1474933"
"2961508","1475133","1475133","1475133"
"2961909","1475333","1475333","1475333"
"2962310","1475533","1475533","1475533"
"2962711","1475733","1475733","1475733"
"2963467","1476110","1476110","1476110"
"2964269","1476510","1476510","1476510"
"2964670","1476710","1476710","1476710"
"2965071","1476910","1476910","1476910"
"2966675","1477710","1477710","1477710"
"2967477","1478110","1478110","1478110"
"2968279","1478510","1478510","1478510"
"2969883","1479310","1479310","1479310"
"2970284","1479510","1479510","1479510"
"2970685","1479710","1479710","1479710"
"2971086","1479910","1479910","1479910"
"2972067","1480399","1480399","1480399"
"2972468","1480599","1480599","1480599"
"2973270","1480999","1480999","1480999"
"2974072","1481399","1481399","1481399"
"2974473","1481599","1481599","1481599"
"2974840","1481782","1481782","1481782"
"2975642","1482182","1482182","1482182"
"2977647","1483182","1483182","1483182"
"2978449","1483582","1483582","1483582"
"2978850","1483782","1483782","1483782"
"2979652","1484182","1484182","1484182"
"2980053","1484382","1484382","1484382"
"2980454","1484582","1484582","1484582"
"2980855","1484782","1484782","1484782"
"2981256","1484982","1484982","1484982"
"2982459","1485582","1485582","1485582"
"2983662","1486182","1486182","1486182"
"2984063","1486382","1486382","1486382"
"2984246","1486473","1486473","1486473"
"2985048","1486873","1486873","1486873"
"2985449","1487073","1487073","1487073"
"2985850","1487273","1487273","1487273"
"2986251","1487473","1487473","1487473"
"2986600","1487647","1487647","1487647"
"2987402","1488047","1488047","1488047"
"2987803","1488247","1488247","1488247"
"2988122","1488406","1488406","1488406"
"2988405","1488547","1488547","1488547"
"2988806","1488747","1488747","1488747"
"2989207","1488947","1488947","1488947"
"2989608","1489147","1489147","1489147"
"2990009","1489347","1489347","1489347"
"2990410","1489547","1489547","1489547"
"2990811","1489747","1489747","1489747"
"2991672","1490176","1490176","1490176"
"2993539","1491107","1491107","1491107"
"2993876","1491275","1491275","1491275"
"2994277","1491475","1491475","1491475"
"2994574","1491623","1491623","1491623"
"2994975","1491823","1491823","1491823"
"2995376","1492023","1492023","1492023"
"2996178","1492423","1492423","1492423"
"2996579","1492623","1492623","1492623"
"2997381","1493023","1493023","1493023"
"2997971","1493317","1493317","1493317"
"2998372","1493517","1493517","1493517"
"2998657","1493659","1493659","1493659"
"2999058","1493859","1493859","1493859"
"2999860","1494259","1494259","1494259"
"3000662","1494659","1494659","1494659"
"3001021","1494838","1494838","1494838"
"3002497","1495574","1495574","1495574"
"3004502","1496574","1496574","1496574"
"3004903","1496774","1496774","1496774"
"3005705","1497174","1497174","1497174"
"3006507","1497574","1497574","1497574"
"3006876","1497758","1497758","1497758"
"3007678","1498158","1498158","1498158"
"3007953","1498295","1498295","1498295"
"3008755","1498695","1498695","1498695"
"3010558","1499594","1499594","1499594"
"3010959","1499794","1499794","1499794"
"3011360","1499994","1499994","1499994"
"3012173","1500399","1500399","1500399"
"3012410","1500517","1500517","1500517"
"3012811","1500717","1500717","1500717"
"3013212","1500917","1500917","1500917"
"3014014","1501317","1501317","1501317"
"3015217","1501917","1501917","1501917"
"3015554","1502085","1502085","1502085"
"3015955","1502285","1502285","1502285"
"3016356","1502485","1502485","1502485"
"3016757","1502685","1502685","1502685"
"3016984","1502798","1502798","1502798"
"3017385","1502998","1502998","1502998"
"3017786","1503198","1503198","1503198"
"3018187","1503398","1503398","1503398"
"3018588","1503598","1503598","1503598"
"3019791","1504198","1504198","1504198"
"3020192","1504398","1504398","1504398"
"3020593","1504598","1504598","1504598"
"3021395","1504998","1504998","1504998"
"3022197","1505398","1505398","1505398"
"3022598","1505598","1505598","1505598"
"3022999","1505798","1505798","1505798"
"3023400","1505998","1505998","1505998"
"3024603","1506598","1506598","1506598"
"3025004","1506798","1506798","1506798"
"3025405","1506998","1506998","1506998"
"3025806","1507198","1507198","1507198"
"3026207","1507398","1507398","1507398"
"3027236","1507911","1507911","1507911"
"3027637","1508111","1508111","1508111"
"3028439","1508511","1508511","1508511"
"3028840","1508711","1508711","1508711"
"3029839","1509209","1509209","1509209"
"3030240","1509409","1509409","1509409"
"3030641","1509609","1509609","1509609"
"3031042","1509809","1509809","1509809"
"3031207","1509891","1509891","1509891"
"3031825","1510199","1510199","1510199"
"3032226","1510399","1510399","1510399"
"3032627","1510599","1510599","1510599"
"3033028","1510799","1510799","1510799"
"3034165","1511366","1511366","1511366"
"3034566","1511566","1511566","1511566"
"3034837","1511701","1511701","1511701"
"3035114","1511839","1511839","1511839"
"3035515","1512039","1512039","1512039"
"3035916","1512239","1512239","1512239"
"3036584","1512572","1512572","1512572"
"3036837","1512698","1512698","1512698"
"3037238","1512898","1512898","1512898"
"3037639","1513098","1513098","1513098"
"3037818","1513187","1513187","1513187"
"3038219","1513387","1513387","1513387"
"3038620","1513587","1513587","1513587"
"3039639","1514095","1514095","1514095"
"3040040","1514295","1514295","1514295"
"3040177","1514363","1514363","1514363"
"3041316","1514931","1514931","1514931"
"3042722","1515632","1515632","1515632"
"3042941","1515741","1515741","1515741"
"3044355","1516446","1516446","1516446"
"3044935","1516735","1516735","1516735"
"3045336","1516935","1516935","1516935"
"3045601","1517067","1517067","1517067"
"3045836","1517184","1517184","1517184"
"3046237","1517384","1517384","1517384"
"3046592","1517561","1517561","1517561"
"3046801","1517665","1517665","1517665"
"3048004","1518265","1518265","1518265"
"3048806","1518665","1518665","1518665"
"3049346","1518934","1518934","1518934"
"3049886","1519203","1519203","1519203"
"3050259","1519389","1519389","1519389"
"3050406","1519462","1519462","1519462"
"3050807","1519662","1519662","1519662"
"3050954","1519735","1519735","1519735"
"3051886","1520199","1520199","1520199"
"3052630","1520570","1520570","1520570"
"3053031","1520770","1520770","1520770"
"3053178","1520843","1520843","1520843"
"3053579","1521043","1521043","1521043"
"3054414","1521459","1521459","1521459"
"3054571","1521537","1521537","1521537"
"3054800","1521651","1521651","1521651"
"3055156","1521828","1521828","1521828"
"3055285","1521892","1521892","1521892"
"3055634","1522066","1522066","1522066"
"3055934","1522215","1522215","1522215"
"3056736","1522615","1522615","1522615"
"3056899","1522696","1522696","1522696"
"3057040","1522766","1522766","1522766"
"3057582","1523036","1523036","1523036"
"3058567","1523526","1523526","1523526"
"3058686","1523585","1523585","1523585"
"3059210","1523846","1523846","1523846"
"3059361","1523921","1523921","1523921"
"3059514","1523997","1523997","1523997"
"3059639","1524059","1524059","1524059"
"3060359","1524418","1524418","1524418"
"3060488","1524482","1524482","1524482"
"3060629","1524552","1524552","1524552"
"3060951","1524712","1524712","1524712"
"3061078","1524775","1524775","1524775"
"3061330","1524900","1524900","1524900"
"3061435","1524952","1524952","1524952"
"3062417","1525441","1525441","1525441"
"3062548","1525506","1525506","1525506"
"3062949","1525706","1525706","1525706"
"3063106","1525784","1525784","1525784"
"3063233","1525847","1525847","1525847"
"3063358","1525909","1525909","1525909"
"3063493","1525976","1525976","1525976"
"3063642","1526050","1526050","1526050"
"3063779","1526118","1526118","1526118"
"3063922","1526189","1526189","1526189"
"3064262","1526358","1526358","1526358"
"3064568","1526510","1526510","1526510"
"3064741","1526596","1526596","1526596"
"3065343","1526896","1526896","1526896"
"3065452","1526950","1526950","1526950"
"3065599","1527023","1527023","1527023"
"3065740","1527093","1527093","1527093"
"3065867","1527156","1527156","1527156"
"3065982","1527213","1527213","1527213"
"3066554","1527498","1527498","1527498"
"3066685","1527563","1527563","1527563"
"3067082","1527760","1527760","1527760"
"3067336","1527886","1527886","1527886"
"3067481","1527958","1527958","1527958"
"3067882","1528158","1528158","1528158"
"3068109","1528271","1528271","1528271"
"3068367","1528399","1528399","1528399"
"3068779","1528604","1528604","1528604"
"3069347","1528887","1528887","1528887"
"3069476","1528951","1528951","1528951"
"3069631","1529028","1529028","1529028"
"3069794","1529109","1529109","1529109"
"3070043","1529233","1529233","1529233"
"3070271","1529346","1529346","1529346"
"3070374","1529397","1529397","1529397"
"3070495","1529457","1529457","1529457"
"3070746","1529582","1529582","1529582"
"3070891","1529654","1529654","1529654"
"3071028","1529722","1529722","1529722"
"3071199","1529807","1529807","1529807"
"3071316","1529865","1529865","1529865"
"3071968","1530189","1530189","1530189"
"3072089","1530249","1530249","1530249"
"3072214","1530311","1530311","1530311"
"3072456","1530431","1530431","1530431"
"3072571","1530488","1530488","1530488"
"3073129","1530766","1530766","1530766"
"3073451","1530926","1530926","1530926"
"3073556","1530978","1530978","1530978"
"3073679","1531039","1531039","1531039"
"3073850","1531124","1531124","1531124"
"3073973","1531185","1531185","1531185"
"3074424","1531409","1531409","1531409"
"3074589","1531491","1531491","1531491"
"3074726","1531559","1531559","1531559"
"3075179","1531784","1531784","1531784"
"3075580","1531984","1531984","1531984"
"3075856","1532121","1532121","1532121"
"3076021","1532203","1532203","1532203"
"3076148","1532266","1532266","1532266"
"3076549","1532466","1532466","1532466"
"3076666","1532524","1532524","1532524"
"3076787","1532584","1532584","1532584"
"3076926","1532653","1532653","1532653"
"3077738","1533057","1533057","1533057"
"3077893","1533134","1533134","1533134"
"3078020","1533197","1533197","1533197"
"3078310","1533341","1533341","1533341"
"3078989","1533679","1533679","1533679"
"3079092","1533730","1533730","1533730"
"3079223","1533795","1533795","1533795"
"3079681","1534023","1534023","1534023"
"3079824","1534094","1534094","1534094"
"3080082","1534222","1534222","1534222"
"3080320","1534340","1534340","1534340"
"3080844","1534601","1534601","1534601"
"3081120","1534738","1534738","1534738"
"3081301","1534828","1534828","1534828"
"3081456","1534905","1534905","1534905"
"3081708","1535030","1535030","1535030"
"3081867","1535109","1535109","1535109"
"3082000","1535175","1535175","1535175"
"3082345","1535347","1535347","1535347"
"3082470","1535409","1535409","1535409"
"3082585","1535466","1535466","1535466"
"3082808","1535577","1535577","1535577"
"3083230","1535787","1535787","1535787"
"3083351","1535847","1535847","1535847"
"3083526","1535934","1535934","1535934"
"3083691","1536016","1536016","1536016"
"3083832","1536086","1536086","1536086"
"3083961","1536150","1536150","1536150"
"3084380","1536358","1536358","1536358"
"3084637","1536486","1536486","1536486"
"3084888","1536611","1536611","1536611"
"3084997","1536665","1536665","1536665"
"3085156","1536744","1536744","1536744"
"3085281","1536806","1536806","1536806"
"3085593","1536961","1536961","1536961"
"3085758","1537043","1537043","1537043"
"3086159","1537243","1537243","1537243"
"3086352","1537339","1537339","1537339"
"3086513","1537419","1537419","1537419"
"3087013","1537668","1537668","1537668"
"3087184","1537753","1537753","1537753"
"3087692","1538006","1538006","1538006"
"3087815","1538067","1538067","1538067"
"3087942","1538130","1538130","1538130"
"3089046","1538679","1538679","1538679"
"3089163","1538737","1538737","1538737"
"3089564","1538937","1538937","1538937"
"3089687","1538998","1538998","1538998"
"3090080","1539193","1539193","1539193"
"3090334","1539319","1539319","1539319"
"3090535","1539419","1539419","1539419"
"3090748","1539525","1539525","1539525"
"3091550","1539925","1539925","1539925"
"3091996","1540146","1540146","1540146"
"3092524","1540409","1540409","1540409"
"3092667","1540480","1540480","1540480"
"3092798","1540545","1540545","1540545"
"3092919","1540605","1540605","1540605"
"3093680","1540984","1540984","1540984"
"3093972","1541129","1541129","1541129"
"3094115","1541200","1541200","1541200"
"3094224","1541254","1541254","1541254"
"3094341","1541312","1541312","1541312"
"3094470","1541376","1541376","1541376"
"3094593","1541437","1541437","1541437"
"3094732","1541506","1541506","1541506"
"3094998","1541638","1541638","1541638"
"3095129","1541703","1541703","1541703"
"3095286","1541781","1541781","1541781"
"3095413","1541844","1541844","1541844"
"3095586","1541930","1541930","1541930"
"3095741","1542007","1542007","1542007"
"3095876","1542074","1542074","1542074"
"3096001","1542136","1542136","1542136"
"3096128","1542199","1542199","1542199"
"3096502","1542385","1542385","1542385"
"3096617","1542442","1542442","1542442"
"3096875","1542570","1542570","1542570"
"3097120","1542692","1542692","1542692"
"3097390","1542826","1542826","1542826"
"3097495","1542878","1542878","1542878"
"3097787","1543023","1543023","1543023"
"3097922","1543090","1543090","1543090"
"3098047","1543152","1543152","1543152"
"3098555","1543405","1543405","1543405"
"3099258","1543754","1543754","1543754"
"3099369","1543809","1543809","1543809"
"3099518","1543883","1543883","1543883"
"3099798","1544022","1544022","1544022"
"3099943","1544094","1544094","1544094"
"3100178","1544211","1544211","1544211"
"3100291","1544267","1544267","1544267"
"3100424","1544333","1544333","1544333"
"3100553","1544397","1544397","1544397"
"3100682","1544461","1544461","1544461"
"3100841","1544540","1544540","1544540"
"3100970","1544604","1544604","1544604"
"3101103","1544670","1544670","1544670"
"3101220","1544728","1544728","1544728"
"3101347","1544791","1544791","1544791"
"3101466","1544850","1544850","1544850"
"3101643","1544938","1544938","1544938"
"3101762","1544997","1544997","1544997"
"3101883","1545057","1545057","1545057"
"3102006","1545118","1545118","1545118"
"3102151","1545190","1545190","1545190"
"3102397","1545312","1545312","1545312"
"3102514","1545370","1545370","1545370"
"3102689","1545457","1545457","1545457"
"3103245","1545733","1545733","1545733"
"3103406","1545813","1545813","1545813"
"3103531","1545875","1545875","1545875"
"3103782","1546000","1546000","1546000"
"3103927","1546072","1546072","1546072"
"3104330","1546272","1546272","1546272"
"3104731","1546472","1546472","1546472"
"3104860","1546536","1546536","1546536"
"3105013","1546612","1546612","1546612"
"3105420","1546814","1546814","1546814"
"3105547","1546877","1546877","1546877"
"3106073","1547139","1547139","1547139"
"3106383","1547293","1547293","1547293"
"3106516","1547359","1547359","1547359"
"3106641","1547421","1547421","1547421"
"3106768","1547484","1547484","1547484"
"3107681","1547938","1547938","1547938"
"3107810","1548002","1548002","1548002"
"3107913","1548053","1548053","1548053"
"3108092","1548142","1548142","1548142"
"3108493","1548342","1548342","1548342"
"3108753","1548471","1548471","1548471"
"3109448","1548816","1548816","1548816"
"3110156","1549169","1549169","1549169"
"3110259","1549220","1549220","1549220"
"3110376","1549278","1549278","1549278"
"3110976","1549576","1549576","1549576"
"3112140","1550154","1550154","1550154"
"3112490","1550328","1550328","1550328"
"3112641","1550403","1550403","1550403"
"3112778","1550471","1550471","1550471"
"3112943","1550553","1550553","1550553"
"3113080","1550621","1550621","1550621"
"3113195","1550678","1550678","1550678"
"3113608","1550883","1550883","1550883"
"3113737","1550947","1550947","1550947"
"3114138","1551147","1551147","1551147"
"3114520","1551337","1551337","1551337"
"3114725","1551439","1551439","1551439"
"3114838","1551495","1551495","1551495"
"3115332","1551741","1551741","1551741"
"3115459","1551804","1551804","1551804"
"3115860","1552004","1552004","1552004"
"3116459","1552302","1552302","1552302"
"3116604","1552374","1552374","1552374"
"3116799","1552471","1552471","1552471"
"3116960","1552551","1552551","1552551"
"3117125","1552633","1552633","1552633"
"3117252","1552696","1552696","1552696"
"3117756","1552947","1552947","1552947"
"3117857","1552997","1552997","1552997"
"3118069","1553102","1553102","1553102"
"3118248","1553191","1553191","1553191"
"3118709","1553420","1553420","1553420"
"3118860","1553495","1553495","1553495"
"3119376","1553752","1553752","1553752"
"3119511","1553819","1553819","1553819"
"3119775","1553950","1553950","1553950"
"3120141","1554132","1554132","1554132"
"3120312","1554217","1554217","1554217"
"3120570","1554345","1554345","1554345"
"3121154","1554635","1554635","1554635"
"3121529","1554821","1554821","1554821"
"3122304","1555207","1555207","1555207"
"3122473","1555291","1555291","1555291"
"3122650","1555379","1555379","1555379"
"3122783","1555445","1555445","1555445"
"3123184","1555645","1555645","1555645"
"3123438","1555771","1555771","1555771"
"3123539","1555821","1555821","1555821"
"3123734","1555918","1555918","1555918"
"3123939","1556020","1556020","1556020"
"3124114","1556107","1556107","1556107"
"3124370","1556234","1556234","1556234"
"3124501","1556299","1556299","1556299"
"3124902","1556499","1556499","1556499"
"3125037","1556566","1556566","1556566"
"3125224","1556659","1556659","1556659"
"3125371","1556732","1556732","1556732"
"3125651","1556871","1556871","1556871"
"3125822","1556956","1556956","1556956"
"3126118","1557103","1557103","1557103"
"3126257","1557172","1557172","1557172"
"3126658","1557372","1557372","1557372"
"3127359","1557721","1557721","1557721"
"3127677","1557879","1557879","1557879"
"3127824","1557952","1557952","1557952"
"3128154","1558116","1558116","1558116"
"3128371","1558224","1558224","1558224"
"3128912","1558493","1558493","1558493"
"3129287","1558680","1558680","1558680"
"3129944","1559007","1559007","1559007"
"3130143","1559106","1559106","1559106"
"3130276","1559172","1559172","1559172"
"3130447","1559257","1559257","1559257"
"3130574","1559320","1559320","1559320"
"3130707","1559386","1559386","1559386"
"3130874","1559469","1559469","1559469"
"3131011","1559537","1559537","1559537"
"3131162","1559612","1559612","1559612"
"3131259","1559660","1559660","1559660"
"3131547","1559803","1559803","1559803"
"3132104","1560080","1560080","1560080"
"3132491","1560273","1560273","1560273"
"3132662","1560358","1560358","1560358"
"3133153","1560602","1560602","1560602"
"3133318","1560684","1560684","1560684"
"3133661","1560855","1560855","1560855"
"3134062","1561055","1561055","1561055"
"3134495","1561270","1561270","1561270"
"3135234","1561638","1561638","1561638"
"3135417","1561729","1561729","1561729"
"3135849","1561944","1561944","1561944"
"3136106","1562072","1562072","1562072"
"3136395","1562216","1562216","1562216"
"3136673","1562354","1562354","1562354"
"3136792","1562413","1562413","1562413"
"3136917","1562475","1562475","1562475"
"3137070","1562551","1562551","1562551"
"3137365","1562698","1562698","1562698"
"3137474","1562752","1562752","1562752"
"3137967","1562997","1562997","1562997"
"3138368","1563197","1563197","1563197"
"3138533","1563279","1563279","1563279"
"3138658","1563341","1563341","1563341"
"3139109","1563565","1563565","1563565"
"3139398","1563709","1563709","1563709"
"3139633","1563826","1563826","1563826"
"3139924","1563971","1563971","1563971"
"3140085","1564051","1564051","1564051"
"3140981","1564497","1564497","1564497"
"3141128","1564570","1564570","1564570"
"3141289","1564650","1564650","1564650"
"3141561","1564785","1564785","1564785"
"3141710","1564859","1564859","1564859"
"3141857","1564932","1564932","1564932"
"3142052","1565029","1565029","1565029"
"3142269","1565137","1565137","1565137"
"3142644","1565324","1565324","1565324"
"3142821","1565412","1565412","1565412"
"3142988","1565495","1565495","1565495"
"3143389","1565695","1565695","1565695"
"3143618","1565809","1565809","1565809"
"3143795","1565897","1565897","1565897"
"3144098","1566048","1566048","1566048"
"3144411","1566204","1566204","1566204"
"3144556","1566276","1566276","1566276"
"3144957","1566476","1566476","1566476"
"3145062","1566528","1566528","1566528"
"3145582","1566787","1566787","1566787"
"3145763","1566877","1566877","1566877"
"3146201","1567095","1567095","1567095"
"3147003","1567495","1567495","1567495"
"3147404","1567695","1567695","1567695"
"3147533","1567759","1567759","1567759"
"3147718","1567851","1567851","1567851"
"3147965","1567974","1567974","1567974"
"3148218","1568100","1568100","1568100"
"3148619","1568300","1568300","1568300"
"3149020","1568500","1568500","1568500"
"3149421","1568700","1568700","1568700"
"3149610","1568794","1568794","1568794"
"3149893","1568935","1568935","1568935"
"3150050","1569013","1569013","1569013"
"3150451","1569213","1569213","1569213"
"3150622","1569298","1569298","1569298"
"3150777","1569375","1569375","1569375"
"3151157","1569564","1569564","1569564"
"3151302","1569636","1569636","1569636"
"3151546","1569757","1569757","1569757"
"3151679","1569823","1569823","1569823"
"3151866","1569916","1569916","1569916"
"3152509","1570236","1570236","1570236"
"3152658","1570310","1570310","1570310"
"3153000","1570480","1570480","1570480"
"3153173","1570566","1570566","1570566"
"3153515","1570736","1570736","1570736"
"3153644","1570800","1570800","1570800"
"3154400","1571177","1571177","1571177"
"3154801","1571377","1571377","1571377"
"3154952","1571452","1571452","1571452"
"3155093","1571522","1571522","1571522"
"3155621","1571785","1571785","1571785"
"3156022","1571985","1571985","1571985"
"3156328","1572137","1572137","1572137"
"3156443","1572194","1572194","1572194"
"3156761","1572352","1572352","1572352"
"3157004","1572473","1572473","1572473"
"3157131","1572536","1572536","1572536"
"3157532","1572736","1572736","1572736"
"3157669","1572804","1572804","1572804"
"3158172","1573054","1573054","1573054"
"3158311","1573123","1573123","1573123"
"3158444","1573189","1573189","1573189"
"3158585","1573259","1573259","1573259"
"3158986","1573459","1573459","1573459"
"3159129","1573530","1573530","1573530"
"3159399","1573664","1573664","1573664"
"3159800","1573864","1573864","1573864"
"3159947","1573937","1573937","1573937"
"3160084","1574005","1574005","1574005"
"3160227","1574076","1574076","1574076"
"3160917","1574420","1574420","1574420"
"3161414","1574667","1574667","1574667"
"3161545","1574732","1574732","1574732"
"3161728","1574823","1574823","1574823"
"3162018","1574967","1574967","1574967"
"3162157","1575036","1575036","1575036"
"3162302","1575108","1575108","1575108"
"3162431","1575172","1575172","1575172"
"3162672","1575292","1575292","1575292"
"3162952","1575431","1575431","1575431"
"3163143","1575526","1575526","1575526"
"3163256","1575582","1575582","1575582"
"3163561","1575734","1575734","1575734"
"3163962","1575934","1575934","1575934"
"3164487","1576195","1576195","1576195"
"3164670","1576286","1576286","1576286"
"3164845","1576373","1576373","1576373"
"3165032","1576466","1576466","1576466"
"3165554","1576726","1576726","1576726"
"3165721","1576809","1576809","1576809"
"3165884","1576890","1576890","1576890"
"3166527","1577210","1577210","1577210"
"3167146","1577518","1577518","1577518"
"3167403","1577646","1577646","1577646"
"3167556","1577722","1577722","1577722"
"3167689","1577788","1577788","1577788"
"3167979","1577932","1577932","1577932"
"3168998","1578439","1578439","1578439"
"3169149","1578514","1578514","1578514"
"3169642","1578759","1578759","1578759"
"3169775","1578825","1578825","1578825"
"3170176","1579025","1579025","1579025"
"3170625","1579248","1579248","1579248"
"3170810","1579340","1579340","1579340"
"3170961","1579415","1579415","1579415"
"3171126","1579497","1579497","1579497"
"3171285","1579576","1579576","1579576"
"3171625","1579745","1579745","1579745"
"3171820","1579842","1579842","1579842"
"3172248","1580054","1580054","1580054"
"3172389","1580124","1580124","1580124"
"3172610","1580234","1580234","1580234"
"3172905","1580381","1580381","1580381"
"3173199","1580527","1580527","1580527"
"3174011","1580931","1580931","1580931"
"3174148","1580999","1580999","1580999"
"3174325","1581087","1581087","1581087"
"3174478","1581163","1581163","1581163"
"3174631","1581239","1581239","1581239"
"3175080","1581462","1581462","1581462"
"3175481","1581662","1581662","1581662"
"3175989","1581915","1581915","1581915"
"3176559","1582199","1582199","1582199"
"3176960","1582399","1582399","1582399"
"3177290","1582563","1582563","1582563"
"3177469","1582652","1582652","1582652"
"3177853","1582843","1582843","1582843"
"3177988","1582910","1582910","1582910"
"3178173","1583002","1583002","1583002"
"3178815","1583322","1583322","1583322"
"3178994","1583411","1583411","1583411"
"3179796","1583811","1583811","1583811"
"3180324","1584074","1584074","1584074"
"3180725","1584274","1584274","1584274"
"3181928","1584874","1584874","1584874"
"3182095","1584957","1584957","1584957"
"3182496","1585157","1585157","1585157"
"3182699","1585258","1585258","1585258"
"3182924","1585370","1585370","1585370"
"3183061","1585438","1585438","1585438"
"3183190","1585502","1585502","1585502"
"3183612","1585712","1585712","1585712"
"3183865","1585838","1585838","1585838"
"3184014","1585912","1585912","1585912"
"3184415","1586112","1586112","1586112"
"3184598","1586203","1586203","1586203"
"3185360","1586583","1586583","1586583"
"3186018","1586911","1586911","1586911"
"3186392","1587097","1587097","1587097"
"3186793","1587297","1587297","1587297"
"3186952","1587376","1587376","1587376"
"3187353","1587576","1587576","1587576"
"3187935","1587866","1587866","1587866"
"3188336","1588066","1588066","1588066"
"3188465","1588130","1588130","1588130"
"3189556","1588673","1588673","1588673"
"3189884","1588836","1588836","1588836"
"3190061","1588924","1588924","1588924"
"3190300","1589043","1589043","1589043"
"3190471","1589128","1589128","1589128"
"3190755","1589269","1589269","1589269"
"3190906","1589344","1589344","1589344"
"3191459","1589619","1589619","1589619"
"3191634","1589706","1589706","1589706"
"3192158","1589967","1589967","1589967"
"3192348","1590061","1590061","1590061"
"3192749","1590261","1590261","1590261"
"3192846","1590309","1590309","1590309"
"3193007","1590389","1590389","1590389"
"3193236","1590503","1590503","1590503"
"3193637","1590703","1590703","1590703"
"3193932","1590850","1590850","1590850"
"3194111","1590939","1590939","1590939"
"3194290","1591028","1591028","1591028"
"3194507","1591136","1591136","1591136"
"3194908","1591336","1591336","1591336"
"3195524","1591643","1591643","1591643"
"3195673","1591717","1591717","1591717"
"3196049","1591904","1591904","1591904"
"3196450","1592104","1592104","1592104"
"3196651","1592204","1592204","1592204"
"3197069","1592412","1592412","1592412"
"3198281","1593016","1593016","1593016"
"3198848","1593298","1593298","1593298"
"3199249","1593498","1593498","1593498"
"3199366","1593556","1593556","1593556"
"3199641","1593693","1593693","1593693"
"3200799","1594270","1594270","1594270"
"3201431","1594585","1594585","1594585"
"3201975","1594856","1594856","1594856"
"3202188","1594962","1594962","1594962"
"3202361","1595048","1595048","1595048"
"3202799","1595266","1595266","1595266"
"3203016","1595374","1595374","1595374"
"3203380","1595555","1595555","1595555"
"3203547","1595638","1595638","1595638"
"3203746","1595737","1595737","1595737"
"3204061","1595894","1595894","1595894"
"3204462","1596094","1596094","1596094"
"3205418","1596570","1596570","1596570"
"3205732","1596726","1596726","1596726"
"3205879","1596799","1596799","1596799"
"3206638","1597177","1597177","1597177"
"3206887","1597301","1597301","1597301"
"3207058","1597386","1597386","1597386"
"3207435","1597573","1597573","1597573"
"3207568","1597639","1597639","1597639"
"3207807","1597758","1597758","1597758"
"3207940","1597824","1597824","1597824"
"3208073","1597890","1597890","1597890"
"3208996","1598350","1598350","1598350"
"3209528","1598615","1598615","1598615"
"3209687","1598694","1598694","1598694"
"3209832","1598766","1598766","1598766"
"3209963","1598831","1598831","1598831"
"3210064","1598881","1598881","1598881"
"3210247","1598972","1598972","1598972"
"3210472","1599084","1599084","1599084"
"3210641","1599168","1599168","1599168"
"3210780","1599237","1599237","1599237"
"3210915","1599304","1599304","1599304"
"3211074","1599383","1599383","1599383"
"3211185","1599438","1599438","1599438"
"3211586","1599638","1599638","1599638"
"3212409","1600047","1600047","1600047"
"3212578","1600131","1600131","1600131"
"3212721","1600202","1600202","1600202"
"3212965","1600323","1600323","1600323"
"3213374","1600526","1600526","1600526"
"3213589","1600633","1600633","1600633"
"3213875","1600775","1600775","1600775"
"3214022","1600848","1600848","1600848"
"3214423","1601048","1601048","1601048"
"3214618","1601145","1601145","1601145"
"3214801","1601236","1601236","1601236"
"3214910","1601290","1601290","1601290"
"3215027","1601348","1601348","1601348"
"3215208","1601438","1601438","1601438"
"3215786","1601726","1601726","1601726"
"3216049","1601857","1601857","1601857"
"3216450","1602057","1602057","1602057"
"3216851","1602257","1602257","1602257"
"3217175","1602418","1602418","1602418"
"3217312","1602486","1602486","1602486"
"3217664","1602661","1602661","1602661"
"3218371","1603013","1603013","1603013"
"3218516","1603085","1603085","1603085"
"3218770","1603211","1603211","1603211"
"3219587","1603617","1603617","1603617"
"3220193","1603919","1603919","1603919"
"3220594","1604119","1604119","1604119"
"3220874","1604258","1604258","1604258"
"3221023","1604332","1604332","1604332"
"3221168","1604404","1604404","1604404"
"3221331","1604485","1604485","1604485"
"3221468","1604553","1604553","1604553"
"3221869","1604753","1604753","1604753"
"3222018","1604827","1604827","1604827"
"3222165","1604900","1604900","1604900"
"3222751","1605191","1605191","1605191"
"3223233","1605431","1605431","1605431"
"3223426","1605527","1605527","1605527"
"3223827","1605727","1605727","1605727"
"3224885","1606253","1606253","1606253"
"3225032","1606326","1606326","1606326"
"3225271","1606445","1606445","1606445"
"3225474","1606546","1606546","1606546"
"3225685","1606651","1606651","1606651"
"3226031","1606823","1606823","1606823"
"3226190","1606902","1606902","1606902"
"3226612","1607112","1607112","1607112"
"3226974","1607292","1607292","1607292"
"3227304","1607456","1607456","1607456"
"3227705","1607656","1607656","1607656"
"3227920","1607763","1607763","1607763"
"3228051","1607828","1607828","1607828"
"3228332","1607968","1607968","1607968"
"3228822","1608211","1608211","1608211"
"3229096","1608347","1608347","1608347"
"3229320","1608458","1608458","1608458"
"3229622","1608608","1608608","1608608"
"3229998","1608795","1608795","1608795"
"3230399","1608995","1608995","1608995"
"3230524","1609057","1609057","1609057"
"3230625","1609107","1609107","1609107"
"3230828","1609208","1609208","1609208"
"3230997","1609292","1609292","1609292"
"3231168","1609377","1609377","1609377"
"3231618","1609601","1609601","1609601"
"3232303","1609941","1609941","1609941"
"3232535","1610056","1610056","1610056"
"3232666","1610121","1610121","1610121"
"3233067","1610321","1610321","1610321"
"3233361","1610467","1610467","1610467"
"3233706","1610639","1610639","1610639"
"3234219","1610894","1610894","1610894"
"3234581","1611074","1611074","1611074"
"3234704","1611135","1611135","1611135"
"3235024","1611294","1611294","1611294"
"3235260","1611411","1611411","1611411"
"3235507","1611534","1611534","1611534"
"3235688","1611624","1611624","1611624"
"3236490","1612024","1612024","1612024"
"3236777","1612167","1612167","1612167"
"3236918","1612237","1612237","1612237"
"3237055","1612305","1612305","1612305"
"3237208","1612381","1612381","1612381"
"3237319","1612436","1612436","1612436"
"3237577","1612564","1612564","1612564"
"3237702","1612626","1612626","1612626"
"3238030","1612789","1612789","1612789"
"3238326","1612936","1612936","1612936"
"3238624","1613084","1613084","1613084"
"3239194","1613367","1613367","1613367"
"3239595","1613567","1613567","1613567"
"3239760","1613649","1613649","1613649"
"3239849","1613693","1613693","1613693"
"3239982","1613759","1613759","1613759"
"3240095","1613815","1613815","1613815"
"3240252","1613893","1613893","1613893"
"3241243","1614386","1614386","1614386"
"3241362","1614445","1614445","1614445"
"3241465","1614496","1614496","1614496"
"3241632","1614579","1614579","1614579"
"3241867","1614696","1614696","1614696"
"3242010","1614767","1614767","1614767"
"3242179","1614851","1614851","1614851"
"3242580","1615051","1615051","1615051"
"3242675","1615098","1615098","1615098"
"3242816","1615168","1615168","1615168"
"3242979","1615249","1615249","1615249"
"3244090","1615802","1615802","1615802"
"3244491","1616002","1616002","1616002"
"3244892","1616202","1616202","1616202"
"3245119","1616315","1616315","1616315"
"3245288","1616399","1616399","1616399"
"3245487","1616498","1616498","1616498"
"3246024","1616765","1616765","1616765"
"3246714","1617108","1617108","1617108"
"3247060","1617280","1617280","1617280"
"3247161","1617330","1617330","1617330"
"3247562","1617530","1617530","1617530"
"3247741","1617619","1617619","1617619"
"3248426","1617960","1617960","1617960"
"3248734","1618113","1618113","1618113"
"3249346","1618417","1618417","1618417"
"3249591","1618539","1618539","1618539"
"3249712","1618599","1618599","1618599"
"3250199","1618841","1618841","1618841"
"3250426","1618954","1618954","1618954"
"3250605","1619043","1619043","1619043"
"3250772","1619126","1619126","1619126"
"3250945","1619212","1619212","1619212"
"3251106","1619292","1619292","1619292"
"3251279","1619378","1619378","1619378"
"3251565","1619520","1619520","1619520"
"3251849","1619661","1619661","1619661"
"3252044","1619758","1619758","1619758"
"3252636","1620052","1620052","1620052"
"3252743","1620105","1620105","1620105"
"3252864","1620165","1620165","1620165"
"3253079","1620272","1620272","1620272"
"3253572","1620517","1620517","1620517"
"3253936","1620698","1620698","1620698"
"3254069","1620764","1620764","1620764"
"3254300","1620879","1620879","1620879"
"3254477","1620967","1620967","1620967"
"3254622","1621039","1621039","1621039"
"3255023","1621239","1621239","1621239"
"3255156","1621305","1621305","1621305"
"3255549","1621501","1621501","1621501"
"3255750","1621601","1621601","1621601"
"3256198","1621824","1621824","1621824"
"3256447","1621948","1621948","1621948"
"3256968","1622207","1622207","1622207"
"3257557","1622500","1622500","1622500"
"3257806","1622624","1622624","1622624"
"3258207","1622824","1622824","1622824"
"3258368","1622904","1622904","1622904"
"3258769","1623104","1623104","1623104"
"3258904","1623171","1623171","1623171"
"3259023","1623230","1623230","1623230"
"3259278","1623357","1623357","1623357"
"3259409","1623422","1623422","1623422"
"3259626","1623530","1623530","1623530"
"3260027","1623730","1623730","1623730"
"3260140","1623786","1623786","1623786"
"3260243","1623837","1623837","1623837"
"3260366","1623898","1623898","1623898"
"3260616","1624022","1624022","1624022"
"3260793","1624110","1624110","1624110"
"3261153","1624289","1624289","1624289"
"3261675","1624549","1624549","1624549"
"3261884","1624653","1624653","1624653"
"3262087","1624754","1624754","1624754"
"3262234","1624827","1624827","1624827"
"3263024","1625220","1625220","1625220"
"3263279","1625347","1625347","1625347"
"3263434","1625424","1625424","1625424"
"3263601","1625507","1625507","1625507"
"3264485","1625947","1625947","1625947"
"3264843","1626125","1626125","1626125"
"3265573","1626489","1626489","1626489"
"3265688","1626546","1626546","1626546"
"3265819","1626611","1626611","1626611"
"3266012","1626707","1626707","1626707"
"3266413","1626907","1626907","1626907"
"3266600","1627000","1627000","1627000"
"3266869","1627134","1627134","1627134"
"3267270","1627334","1627334","1627334"
"3267511","1627454","1627454","1627454"
"3267618","1627507","1627507","1627507"
"3267932","1627663","1627663","1627663"
"3268178","1627785","1627785","1627785"
"3268579","1627985","1627985","1627985"
"3268980","1628185","1628185","1628185"
"3269187","1628288","1628288","1628288"
"3269466","1628427","1628427","1628427"
"3269814","1628600","1628600","1628600"
"3270201","1628793","1628793","1628793"
"3270414","1628899","1628899","1628899"
"3270567","1628975","1628975","1628975"
"3271289","1629334","1629334","1629334"
"3271528","1629453","1629453","1629453"
"3271669","1629523","1629523","1629523"
"3271800","1629588","1629588","1629588"
"3272191","1629782","1629782","1629782"
"3273210","1630289","1630289","1630289"
"3273586","1630476","1630476","1630476"
"3274217","1630790","1630790","1630790"
"3274618","1630990","1630990","1630990"
"3274797","1631079","1631079","1631079"
"3275198","1631279","1631279","1631279"
"3275291","1631325","1631325","1631325"
"3275607","1631482","1631482","1631482"
"3275740","1631548","1631548","1631548"
"3276062","1631708","1631708","1631708"
"3276163","1631758","1631758","1631758"
"3276375","1631863","1631863","1631863"
"3276486","1631918","1631918","1631918"
"3277032","1632190","1632190","1632190"
"3277149","1632248","1632248","1632248"
"3277550","1632448","1632448","1632448"
"3277811","1632578","1632578","1632578"
"3278113","1632728","1632728","1632728"
"3278412","1632877","1632877","1632877"
"3278569","1632955","1632955","1632955"
"3278758","1633049","1633049","1633049"
"3279366","1633352","1633352","1633352"
"3279543","1633440","1633440","1633440"
"3279642","1633489","1633489","1633489"
"3279789","1633562","1633562","1633562"
"3279938","1633636","1633636","1633636"
"3280339","1633836","1633836","1633836"
"3280488","1633910","1633910","1633910"
"3281200","1634264","1634264","1634264"
"3281297","1634312","1634312","1634312"
"3281436","1634381","1634381","1634381"
"3281541","1634433","1634433","1634433"
"3281930","1634626","1634626","1634626"
"3282071","1634696","1634696","1634696"
"3282242","1634781","1634781","1634781"
"3282369","1634844","1634844","1634844"
"3282704","1635011","1635011","1635011"
"3282833","1635075","1635075","1635075"
"3282958","1635137","1635137","1635137"
"3283279","1635297","1635297","1635297"
"3283680","1635497","1635497","1635497"
"3283801","1635557","1635557","1635557"
"3283934","1635623","1635623","1635623"
"3284324","1635817","1635817","1635817"
"3284612","1635960","1635960","1635960"
"3285013","1636160","1636160","1636160"
"3285507","1636405","1636405","1636405"
"3286967","1637132","1637132","1637132"
"3287227","1637261","1637261","1637261"
"3287342","1637318","1637318","1637318"
"3287743","1637518","1637518","1637518"
"3288041","1637666","1637666","1637666"
"3288311","1637800","1637800","1637800"
"3289078","1638182","1638182","1638182"
"3289422","1638353","1638353","1638353"
"3289517","1638400","1638400","1638400"
"3289656","1638469","1638469","1638469"
"3290118","1638699","1638699","1638699"
"3290351","1638815","1638815","1638815"
"3290458","1638868","1638868","1638868"
"3291186","1639231","1639231","1639231"
"3291287","1639281","1639281","1639281"
"3291416","1639345","1639345","1639345"
"3291521","1639397","1639397","1639397"
"3292380","1639825","1639825","1639825"
"3292941","1640104","1640104","1640104"
"3293211","1640238","1640238","1640238"
"3293372","1640318","1640318","1640318"
"3293539","1640401","1640401","1640401"
"3293854","1640558","1640558","1640558"
"3294605","1640932","1640932","1640932"
"3294845","1641051","1641051","1641051"
"3295056","1641156","1641156","1641156"
"3295163","1641209","1641209","1641209"
"3295453","1641353","1641353","1641353"
"3295700","1641476","1641476","1641476"
"3295813","1641532","1641532","1641532"
"3296022","1641636","1641636","1641636"
"3296191","1641720","1641720","1641720"
"3296298","1641773","1641773","1641773"
"3296415","1641831","1641831","1641831"
"3296534","1641890","1641890","1641890"
"3296810","1642027","1642027","1642027"
"3297144","1642193","1642193","1642193"
"3297548","1642394","1642394","1642394"
"3297915","1642576","1642576","1642576"
"3298022","1642629","1642629","1642629"
"3298423","1642829","1642829","1642829"
"3298526","1642880","1642880","1642880"
"3298729","1642981","1642981","1642981"
"3298842","1643037","1643037","1643037"
"3298955","1643093","1643093","1643093"
"3299070","1643150","1643150","1643150"
"3300432","1643828","1643828","1643828"
"3300577","1643900","1643900","1643900"
"3301379","1644300","1644300","1644300"
"3301512","1644366","1644366","1644366"
"3301751","1644485","1644485","1644485"
"3302072","1644645","1644645","1644645"
"3302299","1644758","1644758","1644758"
"3302593","1644904","1644904","1644904"
"3302720","1644967","1644967","1644967"
"3303258","1645235","1645235","1645235"
"3303544","1645377","1645377","1645377"
"3303801","1645505","1645505","1645505"
"3303956","1645582","1645582","1645582"
"3304241","1645724","1645724","1645724"
"3304523","1645864","1645864","1645864"
"3304871","1646037","1646037","1646037"
"3305485","1646342","1646342","1646342"
"3306160","1646678","1646678","1646678"
"3306472","1646833","1646833","1646833"
"3306631","1646912","1646912","1646912"
"3306853","1647022","1647022","1647022"
"3307085","1647137","1647137","1647137"
"3307782","1647483","1647483","1647483"
"3307921","1647552","1647552","1647552"
"3308194","1647688","1647688","1647688"
"3308361","1647771","1647771","1647771"
"3308627","1647903","1647903","1647903"
"3308738","1647958","1647958","1647958"
"3308907","1648042","1648042","1648042"
"3309241","1648208","1648208","1648208"
"3309416","1648295","1648295","1648295"
"3309531","1648352","1648352","1648352"
"3309660","1648416","1648416","1648416"
"3310015","1648593","1648593","1648593"
"3310212","1648691","1648691","1648691"
"3310666","1648917","1648917","1648917"
"3310876","1649021","1649021","1649021"
"3311128","1649146","1649146","1649146"
"3311305","1649234","1649234","1649234"
"3311452","1649307","1649307","1649307"
"3311649","1649405","1649405","1649405"
"3311822","1649491","1649491","1649491"
"3312087","1649623","1649623","1649623"
"3312450","1649803","1649803","1649803"
"3312641","1649898","1649898","1649898"
"3312782","1649968","1649968","1649968"
"3313140","1650146","1650146","1650146"
"3313247","1650199","1650199","1650199"
"3313436","1650293","1650293","1650293"
"3313637","1650393","1650393","1650393"
"3313802","1650475","1650475","1650475"
"3313981","1650564","1650564","1650564"
"3314382","1650764","1650764","1650764"
"3314783","1650964","1650964","1650964"
"3315185","1651164","1651164","1651164"
"3315436","1651289","1651289","1651289"
"3315825","1651482","1651482","1651482"
"3315928","1651533","1651533","1651533"
"3316329","1651733","1651733","1651733"
"3316458","1651797","1651797","1651797"
"3316639","1651887","1651887","1651887"
"3316913","1652023","1652023","1652023"
"3317956","1652542","1652542","1652542"
"3318262","1652694","1652694","1652694"
"3318397","1652761","1652761","1652761"
"3318540","1652832","1652832","1652832"
"3318647","1652885","1652885","1652885"
"3318788","1652955","1652955","1652955"
"3319324","1653222","1653222","1653222"
"3319463","1653291","1653291","1653291"
"3319642","1653380","1653380","1653380"
"3320093","1653604","1653604","1653604"
"3320236","1653675","1653675","1653675"
"3320329","1653721","1653721","1653721"
"3320508","1653810","1653810","1653810"
"3320649","1653880","1653880","1653880"
"3320778","1653944","1653944","1653944"
"3320885","1653997","1653997","1653997"
"3320994","1654051","1654051","1654051"
"3321208","1654157","1654157","1654157"
"3321329","1654217","1654217","1654217"
"3321446","1654275","1654275","1654275"
"3321766","1654434","1654434","1654434"
"3322035","1654568","1654568","1654568"
"3322208","1654654","1654654","1654654"
"3322313","1654706","1654706","1654706"
"3322559","1654828","1654828","1654828"
"3322670","1654883","1654883","1654883"
"3322837","1654966","1654966","1654966"
"3322962","1655028","1655028","1655028"
"3323379","1655235","1655235","1655235"
"3323794","1655441","1655441","1655441"
"3324515","1655799","1655799","1655799"
"3324753","1655917","1655917","1655917"
"3324894","1655987","1655987","1655987"
"3325067","1656073","1656073","1656073"
"3325184","1656131","1656131","1656131"
"3325333","1656205","1656205","1656205"
"3325585","1656330","1656330","1656330"
"3325686","1656380","1656380","1656380"
"3326681","1656875","1656875","1656875"
"3326790","1656929","1656929","1656929"
"3326905","1656986","1656986","1656986"
"3327036","1657051","1657051","1657051"
"3327340","1657202","1657202","1657202"
"3327475","1657269","1657269","1657269"
"3327582","1657322","1657322","1657322"
"3327777","1657419","1657419","1657419"
"3328037","1657548","1657548","1657548"
"3328469","1657763","1657763","1657763"
"3329037","1658046","1658046","1658046"
"3329345","1658199","1658199","1658199"
"3329633","1658342","1658342","1658342"
"3329756","1658403","1658403","1658403"
"3330559","1658803","1658803","1658803"
"3331036","1659040","1659040","1659040"
"3331153","1659098","1659098","1659098"
"3331264","1659153","1659153","1659153"
"3331654","1659347","1659347","1659347"
"3331797","1659418","1659418","1659418"
"3332153","1659595","1659595","1659595"
"3332302","1659669","1659669","1659669"
"3332423","1659729","1659729","1659729"
"3333103","1660067","1660067","1660067"
"3333274","1660152","1660152","1660152"
"3333558","1660293","1660293","1660293"
"3333663","1660345","1660345","1660345"
"3333770","1660398","1660398","1660398"
"3334140","1660582","1660582","1660582"
"3334464","1660743","1660743","1660743"
"3334889","1660954","1660954","1660954"
"3335022","1661020","1661020","1661020"
"3335143","1661080","1661080","1661080"
"3335280","1661148","1661148","1661148"
"3335536","1661275","1661275","1661275"
"3335870","1661441","1661441","1661441"
"3336011","1661511","1661511","1661511"
"3336304","1661657","1661657","1661657"
"3336671","1661840","1661840","1661840"
"3337022","1662014","1662014","1662014"
"3337143","1662074","1662074","1662074"
"3337258","1662131","1662131","1662131"
"3337423","1662213","1662213","1662213"
"3337514","1662258","1662258","1662258"
"3337653","1662327","1662327","1662327"
"3337762","1662381","1662381","1662381"
"3337941","1662470","1662470","1662470"
"3338256","1662627","1662627","1662627"
"3338524","1662760","1662760","1662760"
"3338641","1662818","1662818","1662818"
"3338740","1662867","1662867","1662867"
"3338885","1662939","1662939","1662939"
"3339280","1663135","1663135","1663135"
"3339427","1663208","1663208","1663208"
"3339526","1663257","1663257","1663257"
"3339633","1663310","1663310","1663310"
"3339816","1663401","1663401","1663401"
"3340109","1663547","1663547","1663547"
"3340246","1663615","1663615","1663615"
"3340351","1663667","1663667","1663667"
"3340571","1663776","1663776","1663776"
"3340831","1663905","1663905","1663905"
"3341139","1664058","1664058","1664058"
"3341272","1664124","1664124","1664124"
"3341739","1664356","1664356","1664356"
"3341836","1664404","1664404","1664404"
"3342094","1664532","1664532","1664532"
"3342317","1664643","1664643","1664643"
"3342488","1664728","1664728","1664728"
"3342591","1664779","1664779","1664779"
"3342909","1664937","1664937","1664937"
"3343157","1665060","1665060","1665060"
"3343356","1665159","1665159","1665159"
"3343650","1665305","1665305","1665305"
"3343787","1665373","1665373","1665373"
"3343914","1665436","1665436","1665436"
"3344180","1665568","1665568","1665568"
"3344331","1665643","1665643","1665643"
"3344512","1665733","1665733","1665733"
"3344643","1665798","1665798","1665798"
"3344862","1665907","1665907","1665907"
"3345039","1665995","1665995","1665995"
"3345172","1666061","1666061","1666061"
"3345882","1666414","1666414","1666414"
"3346405","1666674","1666674","1666674"
"3346536","1666739","1666739","1666739"
"3346679","1666810","1666810","1666810"
"3347026","1666983","1666983","1666983"
"3347161","1667050","1667050","1667050"
"3347338","1667138","1667138","1667138"
"3347493","1667215","1667215","1667215"
"3347646","1667291","1667291","1667291"
"3347757","1667346","1667346","1667346"
"3348021","1667477","1667477","1667477"
"3348164","1667548","1667548","1667548"
"3348582","1667756","1667756","1667756"
"3349296","1668111","1668111","1668111"
"3349447","1668186","1668186","1668186"
"3349668","1668296","1668296","1668296"
"3350527","1668724","1668724","1668724"
"3350694","1668807","1668807","1668807"
"3350887","1668903","1668903","1668903"
"3351288","1669103","1669103","1669103"
"3351689","1669303","1669303","1669303"
"3352263","1669588","1669588","1669588"
"3352450","1669681","1669681","1669681"
"3352730","1669820","1669820","1669820"
"3352990","1669949","1669949","1669949"
"3353212","1670059","1670059","1670059"
"3353369","1670137","1670137","1670137"
"3353476","1670190","1670190","1670190"
"3353619","1670261","1670261","1670261"
"3353780","1670341","1670341","1670341"
"3353933","1670417","1670417","1670417"
"3354040","1670470","1670470","1670470"
"3354308","1670603","1670603","1670603"
"3354567","1670732","1670732","1670732"
"3355055","1670975","1670975","1670975"
"3355170","1671032","1671032","1671032"
"3355473","1671183","1671183","1671183"
"3355682","1671287","1671287","1671287"
"3355821","1671356","1671356","1671356"
"3355998","1671444","1671444","1671444"
"3356346","1671617","1671617","1671617"
"3356747","1671817","1671817","1671817"
"3356999","1671942","1671942","1671942"
"3357168","1672026","1672026","1672026"
"3357569","1672226","1672226","1672226"
"3357796","1672339","1672339","1672339"
"3357947","1672414","1672414","1672414"
"3358186","1672533","1672533","1672533"
"3358945","1672911","1672911","1672911"
"3359499","1673187","1673187","1673187"
"3359630","1673252","1673252","1673252"
"3360458","1673664","1673664","1673664"
"3360581","1673725","1673725","1673725"
"3361033","1673950","1673950","1673950"
"3361243","1674054","1674054","1674054"
"3361412","1674138","1674138","1674138"
"3361587","1674225","1674225","1674225"
"3361988","1674425","1674425","1674425"
"3362251","1674556","1674556","1674556"
"3362394","1674627","1674627","1674627"
"3362541","1674700","1674700","1674700"
"3362779","1674818","1674818","1674818"
"3362978","1674917","1674917","1674917"
"3363159","1675007","1675007","1675007"
"3363294","1675074","1675074","1675074"
"3363576","1675214","1675214","1675214"
"3363733","1675292","1675292","1675292"
"3363844","1675347","1675347","1675347"
"3364066","1675457","1675457","1675457"
"3364251","1675549","1675549","1675549"
"3364388","1675617","1675617","1675617"
"3364497","1675671","1675671","1675671"
"3365867","1676352","1676352","1676352"
"3366419","1676627","1676627","1676627"
"3366582","1676708","1676708","1676708"
"3366892","1676862","1676862","1676862"
"3367079","1676955","1676955","1676955"
"3367377","1677103","1677103","1677103"
"3367762","1677294","1677294","1677294"
"3367945","1677385","1677385","1677385"
"3368158","1677491","1677491","1677491"
"3368311","1677567","1677567","1677567"
"3368692","1677757","1677757","1677757"
"3369103","1677961","1677961","1677961"
"3369400","1678109","1678109","1678109"
"3369521","1678169","1678169","1678169"
"3369644","1678230","1678230","1678230"
"3371083","1678947","1678947","1678947"
"3371379","1679094","1679094","1679094"
"3371780","1679294","1679294","1679294"
"3371939","1679373","1679373","1679373"
"3372213","1679509","1679509","1679509"
"3372419","1679611","1679611","1679611"
"3372679","1679740","1679740","1679740"
"3373080","1679940","1679940","1679940"
"3373472","1680135","1680135","1680135"
"3373629","1680213","1680213","1680213"
"3373920","1680358","1680358","1680358"
"3374321","1680558","1680558","1680558"
"3374931","1680862","1680862","1680862"
"3375332","1681062","1681062","1681062"
"3375733","1681262","1681262","1681262"
"3376500","1681644","1681644","1681644"
"3376735","1681761","1681761","1681761"
"3377359","1682072","1682072","1682072"
"3377484","1682134","1682134","1682134"
"3377667","1682225","1682225","1682225"
"3377959","1682370","1682370","1682370"
"3378102","1682441","1682441","1682441"
"3378444","1682611","1682611","1682611"
"3378611","1682694","1682694","1682694"
"3378895","1682835","1682835","1682835"
"3379157","1682965","1682965","1682965"
"3379489","1683130","1683130","1683130"
"3379890","1683330","1683330","1683330"
"3379997","1683383","1683383","1683383"
"3380106","1683437","1683437","1683437"
"3380215","1683491","1683491","1683491"
"3381086","1683924","1683924","1683924"
"3381678","1684219","1684219","1684219"
"3381789","1684274","1684274","1684274"
"3381976","1684367","1684367","1684367"
"3382377","1684567","1684567","1684567"
"3382532","1684644","1684644","1684644"
"3382789","1684772","1684772","1684772"
"3382886","1684820","1684820","1684820"
"3383287","1685020","1685020","1685020"
"3383506","1685129","1685129","1685129"
"3383857","1685304","1685304","1685304"
"3384020","1685385","1685385","1685385"
"3384199","1685474","1685474","1685474"
"3384318","1685533","1685533","1685533"
"3384604","1685675","1685675","1685675"
"3384982","1685863","1685863","1685863"
"3385485","1686113","1686113","1686113"
"3385640","1686190","1686190","1686190"
"3386041","1686390","1686390","1686390"
"3386312","1686525","1686525","1686525"
"3386425","1686581","1686581","1686581"
"3386542","1686639","1686639","1686639"
"3386689","1686712","1686712","1686712"
"3387154","1686943","1686943","1686943"
"3387273","1687002","1687002","1687002"
"3387462","1687096","1687096","1687096"
"3387802","1687265","1687265","1687265"
"3388684","1687704","1687704","1687704"
"3389357","1688039","1688039","1688039"
"3389758","1688239","1688239","1688239"
"3390044","1688381","1688381","1688381"
"3390173","1688445","1688445","1688445"
"3390294","1688505","1688505","1688505"
"3391102","1688907","1688907","1688907"
"3391440","1689075","1689075","1689075"
"3391565","1689137","1689137","1689137"
"3391706","1689207","1689207","1689207"
"3391915","1689311","1689311","1689311"
"3392183","1689444","1689444","1689444"
"3392308","1689506","1689506","1689506"
"3393014","1689857","1689857","1689857"
"3393476","1690087","1690087","1690087"
"3393724","1690210","1690210","1690210"
"3393831","1690263","1690263","1690263"
"3394232","1690463","1690463","1690463"
"3394724","1690708","1690708","1690708"
"3395125","1690908","1690908","1690908"
"3395262","1690976","1690976","1690976"
"3395503","1691096","1691096","1691096"
"3395636","1691162","1691162","1691162"
"3395775","1691231","1691231","1691231"
"3395924","1691305","1691305","1691305"
"3396146","1691415","1691415","1691415"
"3396263","1691473","1691473","1691473"
"3396374","1691528","1691528","1691528"
"3396599","1691640","1691640","1691640"
"3396748","1691714","1691714","1691714"
"3396973","1691826","1691826","1691826"
"3397374","1692026","1692026","1692026"
"3397775","1692226","1692226","1692226"
"3397968","1692322","1692322","1692322"
"3398123","1692399","1692399","1692399"
"3398280","1692477","1692477","1692477"
"3398731","1692701","1692701","1692701"
"3399127","1692898","1692898","1692898"
"3399240","1692954","1692954","1692954"
"3399407","1693037","1693037","1693037"
"3400333","1693498","1693498","1693498"
"3400446","1693554","1693554","1693554"
"3400593","1693627","1693627","1693627"
"3400776","1693718","1693718","1693718"
"3401005","1693832","1693832","1693832"
"3401462","1694059","1694059","1694059"
"3401774","1694214","1694214","1694214"
"3401990","1694321","1694321","1694321"
"3402111","1694381","1694381","1694381"
"3402512","1694581","1694581","1694581"
"3402913","1694781","1694781","1694781"
"3403566","1695106","1695106","1695106"
"3404230","1695437","1695437","1695437"
"3404557","1695600","1695600","1695600"
"3404670","1695656","1695656","1695656"
"3404974","1695807","1695807","1695807"
"3405251","1695945","1695945","1695945"
"3405559","1696098","1696098","1696098"
"3405888","1696262","1696262","1696262"
"3406615","1696624","1696624","1696624"
"3406826","1696729","1696729","1696729"
"3407007","1696819","1696819","1696819"
"3407136","1696883","1696883","1696883"
"3407791","1697209","1697209","1697209"
"3408096","1697361","1697361","1697361"
"3408497","1697561","1697561","1697561"
"3408618","1697621","1697621","1697621"
"3408749","1697686","1697686","1697686"
"3409333","1697977","1697977","1697977"
"3409707","1698163","1698163","1698163"
"3410255","1698436","1698436","1698436"
"3410811","1698713","1698713","1698713"
"3410920","1698767","1698767","1698767"
"3411091","1698852","1698852","1698852"
"3411230","1698921","1698921","1698921"
"3411631","1699121","1699121","1699121"
"3411742","1699176","1699176","1699176"
"3411865","1699237","1699237","1699237"
"3412016","1699312","1699312","1699312"
"3412121","1699364","1699364","1699364"
"3412232","1699419","1699419","1699419"
"3412633","1699619","1699619","1699619"
"3413034","1699819","1699819","1699819"
"3413135","1699869","1699869","1699869"
"3413530","1700065","1700065","1700065"
"3414162","1700380","1700380","1700380"
"3414349","1700473","1700473","1700473"
"3415151","1700873","1700873","1700873"
"3415564","1701078","1701078","1701078"
"3416052","1701321","1701321","1701321"
"3416414","1701501","1701501","1701501"
"3416815","1701701","1701701","1701701"
"3417748","1702166","1702166","1702166"
"3417865","1702224","1702224","1702224"
"3418184","1702383","1702383","1702383"
"3418385","1702483","1702483","1702483"
"3418622","1702601","1702601","1702601"
"3418803","1702691","1702691","1702691"
"3419107","1702842","1702842","1702842"
"3419356","1702966","1702966","1702966"
"3419493","1703034","1703034","1703034"
"3419594","1703084","1703084","1703084"
"3419836","1703204","1703204","1703204"
"3420168","1703369","1703369","1703369"
"3420569","1703569","1703569","1703569"
"3420970","1703769","1703769","1703769"
"3421111","1703839","1703839","1703839"
"3421284","1703925","1703925","1703925"
"3421685","1704125","1704125","1704125"
"3422104","1704333","1704333","1704333"
"3422774","1704667","1704667","1704667"
"3423175","1704867","1704867","1704867"
"3423290","1704924","1704924","1704924"
"3423691","1705124","1705124","1705124"
"3423936","1705246","1705246","1705246"
"3424103","1705329","1705329","1705329"
"3424504","1705529","1705529","1705529"
"3424669","1705611","1705611","1705611"
"3424776","1705664","1705664","1705664"
"3425440","1705995","1705995","1705995"
"3425557","1706053","1706053","1706053"
"3425698","1706123","1706123","1706123"
"3425964","1706255","1706255","1706255"
"3426612","1706578","1706578","1706578"
"3427013","1706778","1706778","1706778"
"3427356","1706949","1706949","1706949"
"3427499","1707020","1707020","1707020"
"3427850","1707194","1707194","1707194"
"3428251","1707394","1707394","1707394"
"3428652","1707594","1707594","1707594"
"3428885","1707710","1707710","1707710"
"3429313","1707923","1707923","1707923"
"3429442","1707987","1707987","1707987"
"3429595","1708063","1708063","1708063"
"3429744","1708137","1708137","1708137"
"3430145","1708337","1708337","1708337"
"3430546","1708537","1708537","1708537"
"3430947","1708737","1708737","1708737"
"3431100","1708813","1708813","1708813"
"3431501","1709013","1709013","1709013"
"3431634","1709079","1709079","1709079"
"3432146","1709334","1709334","1709334"
"3432297","1709409","1709409","1709409"
"3432398","1709459","1709459","1709459"
"3432559","1709539","1709539","1709539"
"3432720","1709619","1709619","1709619"
"3433884","1710199","1710199","1710199"
"3434009","1710261","1710261","1710261"
"3434410","1710461","1710461","1710461"
"3435056","1710783","1710783","1710783"
"3435574","1711041","1711041","1711041"
"3435975","1711241","1711241","1711241"
"3436376","1711441","1711441","1711441"
"3436600","1711552","1711552","1711552"
"3436701","1711602","1711602","1711602"
"3437009","1711755","1711755","1711755"
"3437156","1711828","1711828","1711828"
"3437557","1712028","1712028","1712028"
"3437674","1712086","1712086","1712086"
"3437797","1712147","1712147","1712147"
"3437944","1712220","1712220","1712220"
"3438549","1712521","1712521","1712521"
"3438652","1712572","1712572","1712572"
"3438759","1712625","1712625","1712625"
"3440247","1713367","1713367","1713367"
"3440358","1713422","1713422","1713422"
"3440519","1713502","1713502","1713502"
"3440920","1713702","1713702","1713702"
"3441432","1713957","1713957","1713957"
"3441843","1714161","1714161","1714161"
"3442397","1714437","1714437","1714437"
"3442600","1714538","1714538","1714538"
"3442912","1714693","1714693","1714693"
"3443162","1714817","1714817","1714817"
"3443279","1714875","1714875","1714875"
"3443829","1715149","1715149","1715149"
"3444265","1715366","1715366","1715366"
"3444410","1715438","1715438","1715438"
"3445337","1715900","1715900","1715900"
"3445738","1716100","1716100","1716100"
"3446139","1716300","1716300","1716300"
"3446540","1716500","1716500","1716500"
"3446727","1716593","1716593","1716593"
"3447823","1717139","1717139","1717139"
"3448224","1717339","1717339","1717339"
"3448375","1717414","1717414","1717414"
"3448776","1717614","1717614","1717614"
"3448935","1717693","1717693","1717693"
"3449590","1718019","1718019","1718019"
"3449763","1718105","1718105","1718105"
"3450410","1718427","1718427","1718427"
"3450627","1718535","1718535","1718535"
"3451406","1718923","1718923","1718923"
"3451527","1718983","1718983","1718983"
"3452439","1719437","1719437","1719437"
"3452840","1719637","1719637","1719637"
"3453374","1719903","1719903","1719903"
"3453555","1719993","1719993","1719993"
"3454583","1720504","1720504","1720504"
"3454710","1720567","1720567","1720567"
"3455111","1720767","1720767","1720767"
"3455409","1720915","1720915","1720915"
"3455528","1720974","1720974","1720974"
"3455643","1721031","1721031","1721031"
"3456445","1721431","1721431","1721431"
"3456789","1721602","1721602","1721602"
"3457383","1721898","1721898","1721898"
"3457784","1722098","1722098","1722098"
"3458185","1722298","1722298","1722298"
"3458314","1722362","1722362","1722362"
"3458612","1722510","1722510","1722510"
"3458765","1722586","1722586","1722586"
"3459567","1722986","1722986","1722986"
"3459720","1723062","1723062","1723062"
"3460121","1723262","1723262","1723262"
"3460777","1723589","1723589","1723589"
"3461178","1723789","1723789","1723789"
"3461507","1723953","1723953","1723953"
"3461957","1724177","1724177","1724177"
"3462265","1724330","1724330","1724330"
"3462536","1724465","1724465","1724465"
"3462888","1724640","1724640","1724640"
"3463527","1724958","1724958","1724958"
"3463668","1725028","1725028","1725028"
"3463911","1725149","1725149","1725149"
"3464559","1725472","1725472","1725472"
"3465123","1725753","1725753","1725753"
"3465284","1725833","1725833","1725833"
"3465585","1725983","1725983","1725983"
"3465986","1726183","1726183","1726183"
"3466131","1726255","1726255","1726255"
"3466532","1726455","1726455","1726455"
"3466747","1726562","1726562","1726562"
"3467549","1726962","1726962","1726962"
"3467732","1727053","1727053","1727053"
"3467847","1727110","1727110","1727110"
"3468006","1727189","1727189","1727189"
"3468629","1727499","1727499","1727499"
"3468900","1727634","1727634","1727634"
"3469414","1727890","1727890","1727890"
"3469687","1728026","1728026","1728026"
"3470088","1728226","1728226","1728226"
"3470890","1728626","1728626","1728626"
"3471291","1728826","1728826","1728826"
"3471568","1728964","1728964","1728964"
"3471969","1729164","1729164","1729164"
"3472200","1729279","1729279","1729279"
"3472822","1729589","1729589","1729589"
"3473126","1729740","1729740","1729740"
"3474102","1730226","1730226","1730226"
"3474503","1730426","1730426","1730426"
"3475083","1730715","1730715","1730715"
"3475719","1731032","1731032","1731032"
"3476482","1731412","1731412","1731412"
"3476621","1731481","1731481","1731481"
"3477022","1731681","1731681","1731681"
"3477564","1731951","1731951","1731951"
"3477767","1732052","1732052","1732052"
"3477988","1732162","1732162","1732162"
"3478389","1732362","1732362","1732362"
"3478540","1732437","1732437","1732437"
"3479342","1732837","1732837","1732837"
"3479545","1732938","1732938","1732938"
"3479946","1733138","1733138","1733138"
"3480347","1733338","1733338","1733338"
"3480546","1733437","1733437","1733437"
"3481348","1733837","1733837","1733837"
"3481568","1733946","1733946","1733946"
"3481857","1734090","1734090","1734090"
"3482016","1734169","1734169","1734169"
"3482880","1734599","1734599","1734599"
"3483281","1734799","1734799","1734799"
"3483825","1735070","1735070","1735070"
"3484126","1735220","1735220","1735220"
"3484527","1735420","1735420","1735420"
"3485329","1735820","1735820","1735820"
"3485847","1736078","1736078","1736078"
"3485962","1736135","1736135","1736135"
"3486984","1736644","1736644","1736644"
"3487544","1736923","1736923","1736923"
"3487725","1737013","1737013","1737013"
"3487999","1737149","1737149","1737149"
"3488400","1737349","1737349","1737349"
"3488801","1737549","1737549","1737549"
"3489403","1737849","1737849","1737849"
"3489540","1737917","1737917","1737917"
"3489681","1737987","1737987","1737987"
"3489820","1738056","1738056","1738056"
"3489977","1738134","1738134","1738134"
"3490104","1738197","1738197","1738197"
"3490505","1738397","1738397","1738397"
"3491580","1738933","1738933","1738933"
"3491677","1738981","1738981","1738981"
"3491936","1739110","1739110","1739110"
"3492306","1739294","1739294","1739294"
"3492447","1739364","1739364","1739364"
"3492848","1739564","1739564","1739564"
"3493089","1739684","1739684","1739684"
"3493314","1739796","1739796","1739796"
"3494053","1740164","1740164","1740164"
"3494194","1740234","1740234","1740234"
"3494595","1740434","1740434","1740434"
"3494996","1740634","1740634","1740634"
"3495257","1740764","1740764","1740764"
"3495488","1740879","1740879","1740879"
"3495623","1740946","1740946","1740946"
"3495744","1741006","1741006","1741006"
"3495949","1741108","1741108","1741108"
"3496350","1741308","1741308","1741308"
"3497157","1741710","1741710","1741710"
"3497558","1741910","1741910","1741910"
"3497781","1742021","1742021","1742021"
"3498525","1742392","1742392","1742392"
"3498926","1742592","1742592","1742592"
"3499045","1742651","1742651","1742651"
"3499300","1742778","1742778","1742778"
"3499701","1742978","1742978","1742978"
"3499820","1743037","1743037","1743037"
"3499977","1743115","1743115","1743115"
"3500491","1743371","1743371","1743371"
"3500790","1743520","1743520","1743520"
"3502409","1744326","1744326","1744326"
"3502616","1744429","1744429","1744429"
"3503017","1744629","1744629","1744629"
"3503578","1744908","1744908","1744908"
"3503733","1744985","1744985","1744985"
"3504030","1745133","1745133","1745133"
"3504313","1745274","1745274","1745274"
"3504714","1745474","1745474","1745474"
"3505059","1745646","1745646","1745646"
"3505460","1745846","1745846","1745846"
"3506044","1746137","1746137","1746137"
"3506177","1746203","1746203","1746203"
"3506470","1746349","1746349","1746349"
"3507311","1746768","1746768","1746768"
"3507712","1746968","1746968","1746968"
"3507961","1747092","1747092","1747092"
"3508362","1747292","1747292","1747292"
"3508763","1747492","1747492","1747492"
"3508874","1747547","1747547","1747547"
"3509275","1747747","1747747","1747747"
"3509962","1748089","1748089","1748089"
"3510099","1748157","1748157","1748157"
"3510290","1748252","1748252","1748252"
"3510691","1748452","1748452","1748452"
"3511092","1748652","1748652","1748652"
"3511762","1748986","1748986","1748986"
"3512163","1749186","1749186","1749186"
"3512282","1749245","1749245","1749245"
"3512876","1749541","1749541","1749541"
"3514348","1750274","1750274","1750274"
"3514445","1750322","1750322","1750322"
"3514640","1750419","1750419","1750419"
"3515242","1750719","1750719","1750719"
"3516269","1751231","1751231","1751231"
"3516787","1751489","1751489","1751489"
"3516966","1751578","1751578","1751578"
"3517367","1751778","1751778","1751778"
"3517768","1751978","1751978","1751978"
"3518003","1752095","1752095","1752095"
"3518164","1752175","1752175","1752175"
"3518415","1752300","1752300","1752300"
"3519618","1752900","1752900","1752900"
"3520019","1753100","1753100","1753100"
"3520420","1753300","1753300","1753300"
"3521497","1753837","1753837","1753837"
"3521898","1754037","1754037","1754037"
"3522299","1754237","1754237","1754237"
"3522512","1754343","1754343","1754343"
"3523455","1754813","1754813","1754813"
"3524184","1755176","1755176","1755176"
"3524377","1755272","1755272","1755272"
"3524778","1755472","1755472","1755472"
"3525346","1755755","1755755","1755755"
"3525918","1756040","1756040","1756040"
"3526589","1756374","1756374","1756374"
"3526738","1756448","1756448","1756448"
"3527059","1756608","1756608","1756608"
"3527460","1756808","1756808","1756808"
"3527861","1757008","1757008","1757008"
"3528100","1757127","1757127","1757127"
"3528501","1757327","1757327","1757327"
"3528718","1757435","1757435","1757435"
"3528905","1757528","1757528","1757528"
"3529306","1757728","1757728","1757728"
"3529832","1757990","1757990","1757990"
"3530233","1758190","1758190","1758190"
"3530634","1758390","1758390","1758390"
"3530909","1758527","1758527","1758527"
"3531310","1758727","1758727","1758727"
"3531433","1758788","1758788","1758788"
"3531552","1758847","1758847","1758847"
"3531789","1758965","1758965","1758965"
"3532583","1759360","1759360","1759360"
"3532984","1759560","1759560","1759560"
"3533385","1759760","1759760","1759760"
"3533494","1759814","1759814","1759814"
"3534245","1760188","1760188","1760188"
"3534697","1760413","1760413","1760413"
"3535499","1760813","1760813","1760813"
"3535757","1760941","1760941","1760941"
"3535888","1761006","1761006","1761006"
"3536133","1761128","1761128","1761128"
"3536935","1761528","1761528","1761528"
"3537573","1761846","1761846","1761846"
"3538375","1762246","1762246","1762246"
"3539177","1762646","1762646","1762646"
"3540124","1763118","1763118","1763118"
"3540525","1763318","1763318","1763318"
"3540650","1763380","1763380","1763380"
"3541051","1763580","1763580","1763580"
"3541449","1763778","1763778","1763778"
"3541596","1763851","1763851","1763851"
"3542236","1764170","1764170","1764170"
"3543038","1764570","1764570","1764570"
"3543774","1764937","1764937","1764937"
"3544175","1765137","1765137","1765137"
"3544811","1765454","1765454","1765454"
"3545124","1765610","1765610","1765610"
"3546213","1766153","1766153","1766153"
"3546614","1766353","1766353","1766353"
"3547015","1766553","1766553","1766553"
"3547416","1766753","1766753","1766753"
"3547817","1766953","1766953","1766953"
"3548170","1767129","1767129","1767129"
"3548571","1767329","1767329","1767329"
"3549373","1767729","1767729","1767729"
"3549478","1767781","1767781","1767781"
"3549879","1767981","1767981","1767981"
"3550280","1768181","1768181","1768181"
"3550681","1768381","1768381","1768381"
"3550814","1768447","1768447","1768447"
"3551215","1768647","1768647","1768647"
"3551616","1768847","1768847","1768847"
"3552418","1769247","1769247","1769247"
"3553220","1769647","1769647","1769647"
"3553621","1769847","1769847","1769847"
"3554327","1770199","1770199","1770199"
"3554728","1770399","1770399","1770399"
"3555530","1770799","1770799","1770799"
"3555931","1770999","1770999","1770999"
"3556332","1771199","1771199","1771199"
"3558055","1772058","1772058","1772058"
"3558857","1772458","1772458","1772458"
"3559258","1772658","1772658","1772658"
"3559659","1772858","1772858","1772858"
"3560060","1773058","1773058","1773058"
"3560461","1773258","1773258","1773258"
"3560862","1773458","1773458","1773458"
"3561613","1773832","1773832","1773832"
"3562415","1774232","1774232","1774232"
"3563598","1774822","1774822","1774822"
"3564172","1775108","1775108","1775108"
"3564890","1775466","1775466","1775466"
"3565889","1775964","1775964","1775964"
"3566022","1776030","1776030","1776030"
"3566423","1776230","1776230","1776230"
"3566999","1776517","1776517","1776517"
"3567629","1776831","1776831","1776831"
"3568030","1777031","1777031","1777031"
"3568614","1777322","1777322","1777322"
"3568797","1777413","1777413","1777413"
"3569198","1777613","1777613","1777613"
"3569599","1777813","1777813","1777813"
"3570000","1778013","1778013","1778013"
"3570401","1778213","1778213","1778213"
"3570785","1778404","1778404","1778404"
"3571186","1778604","1778604","1778604"
"3571988","1779004","1779004","1779004"
"3572389","1779204","1779204","1779204"
"3572570","1779294","1779294","1779294"
"3572761","1779389","1779389","1779389"
"3573720","1779867","1779867","1779867"
"3574386","1780199","1780199","1780199"
"3574787","1780399","1780399","1780399"
"3575188","1780599","1780599","1780599"
"3575589","1780799","1780799","1780799"
"3576584","1781295","1781295","1781295"
"3576985","1781495","1781495","1781495"
"3577386","1781695","1781695","1781695"
"3578589","1782295","1782295","1782295"
"3578990","1782495","1782495","1782495"
"3579353","1782676","1782676","1782676"
"3579754","1782876","1782876","1782876"
"3580155","1783076","1783076","1783076"
"3580556","1783276","1783276","1783276"
"3580957","1783476","1783476","1783476"
"3581202","1783598","1783598","1783598"
"3582478","1784234","1784234","1784234"
"3582879","1784434","1784434","1784434"
"3583074","1784531","1784531","1784531"
"3583233","1784610","1784610","1784610"
"3584035","1785010","1785010","1785010"
"3584436","1785210","1785210","1785210"
"3584837","1785410","1785410","1785410"
"3585110","1785546","1785546","1785546"
"3585511","1785746","1785746","1785746"
"3585912","1785946","1785946","1785946"
"3586313","1786146","1786146","1786146"
"3587115","1786546","1786546","1786546"
"3587917","1786946","1786946","1786946"
"3588318","1787146","1787146","1787146"
"3588719","1787346","1787346","1787346"
"3589120","1787546","1787546","1787546"
"3589521","1787746","1787746","1787746"
"3590323","1788146","1788146","1788146"
"3590724","1788346","1788346","1788346"
"3591125","1788546","1788546","1788546"
"3591526","1788746","1788746","1788746"
"3592148","1789056","1789056","1789056"
"3592549","1789256","1789256","1789256"
"3593333","1789647","1789647","1789647"
"3593538","1789749","1789749","1789749"
"3593775","1789867","1789867","1789867"
"3594842","1790399","1790399","1790399"
"3595243","1790599","1790599","1790599"
"3595644","1790799","1790799","1790799"
"3596045","1790999","1790999","1790999"
"3596847","1791399","1791399","1791399"
"3597248","1791599","1791599","1791599"
"3597649","1791799","1791799","1791799"
"3598050","1791999","1791999","1791999"
"3598451","1792199","1792199","1792199"
"3598852","1792399","1792399","1792399"
"3599253","1792599","1792599","1792599"
"3599654","1792799","1792799","1792799"
"3600055","1792999","1792999","1792999"
"3600456","1793199","1793199","1793199"
"3600857","1793399","1793399","1793399"
"3601714","1793826","1793826","1793826"
"3602115","1794026","1794026","1794026"
"3602516","1794226","1794226","1794226"
"3602917","1794426","1794426","1794426"
"3603318","1794626","1794626","1794626"
"3603719","1794826","1794826","1794826"
"3604120","1795026","1795026","1795026"
"3604792","1795361","1795361","1795361"
"3605594","1795761","1795761","1795761"
"3605995","1795961","1795961","1795961"
"3606683","1796304","1796304","1796304"
"3607084","1796504","1796504","1796504"
"3607485","1796704","1796704","1796704"
"3608287","1797104","1797104","1797104"
"3608688","1797304","1797304","1797304"
"3609089","1797504","1797504","1797504"
"3609490","1797704","1797704","1797704"
"3610130","1798023","1798023","1798023"
"3610531","1798223","1798223","1798223"
"3611333","1798623","1798623","1798623"
"3613110","1799509","1799509","1799509"
"3613511","1799709","1799709","1799709"
"3614053","1799979","1799979","1799979"
"3614495","1800199","1800199","1800199"
"3615137","1800519","1800519","1800519"
"3615922","1800910","1800910","1800910"
"3616323","1801110","1801110","1801110"
"3617526","1801710","1801710","1801710"
"3617823","1801858","1801858","1801858"
"3618006","1801949","1801949","1801949"
"3618808","1802349","1802349","1802349"
"3620011","1802949","1802949","1802949"
"3620412","1803149","1803149","1803149"
"3620509","1803197","1803197","1803197"
"3621496","1803689","1803689","1803689"
"3621897","1803889","1803889","1803889"
"3622298","1804089","1804089","1804089"
"3622699","1804289","1804289","1804289"
"3623100","1804489","1804489","1804489"
"3623598","1804737","1804737","1804737"
"3623999","1804937","1804937","1804937"
"3624400","1805137","1805137","1805137"
"3625283","1805577","1805577","1805577"
"3626252","1806060","1806060","1806060"
"3626653","1806260","1806260","1806260"
"3627054","1806460","1806460","1806460"
"3627455","1806660","1806660","1806660"
"3628350","1807106","1807106","1807106"
"3628894","1807377","1807377","1807377"
"3629696","1807777","1807777","1807777"
"3630097","1807977","1807977","1807977"
"3630182","1808019","1808019","1808019"
"3630708","1808281","1808281","1808281"
"3631109","1808481","1808481","1808481"
"3631510","1808681","1808681","1808681"
"3631911","1808881","1808881","1808881"
"3632228","1809039","1809039","1809039"
"3632629","1809239","1809239","1809239"
"3633431","1809639","1809639","1809639"
"3634320","1810082","1810082","1810082"
"3635523","1810682","1810682","1810682"
"3635924","1810882","1810882","1810882"
"3636650","1811244","1811244","1811244"
"3637051","1811444","1811444","1811444"
"3637452","1811644","1811644","1811644"
"3637853","1811844","1811844","1811844"
"3639494","1812662","1812662","1812662"
"3639895","1812862","1812862","1812862"
"3640044","1812936","1812936","1812936"
"3640445","1813136","1813136","1813136"
"3641247","1813536","1813536","1813536"
"3641648","1813736","1813736","1813736"
"3642148","1813985","1813985","1813985"
"3642549","1814185","1814185","1814185"
"3642730","1814275","1814275","1814275"
"3643131","1814475","1814475","1814475"
"3643256","1814537","1814537","1814537"
"3644459","1815137","1815137","1815137"
"3645366","1815589","1815589","1815589"
"3646168","1815989","1815989","1815989"
"3646569","1816189","1816189","1816189"
"3646672","1816240","1816240","1816240"
"3647073","1816440","1816440","1816440"
"3647720","1816762","1816762","1816762"
"3648121","1816962","1816962","1816962"
"3648651","1817226","1817226","1817226"
"3649052","1817426","1817426","1817426"
"3649141","1817470","1817470","1817470"
"3649943","1817870","1817870","1817870"
"3650344","1818070","1818070","1818070"
"3650745","1818270","1818270","1818270"
"3651547","1818670","1818670","1818670"
"3652125","1818958","1818958","1818958"
"3652526","1819158","1819158","1819158"
"3653060","1819424","1819424","1819424"
"3653461","1819624","1819624","1819624"
"3653862","1819824","1819824","1819824"
"3654614","1820199","1820199","1820199"
"3655416","1820599","1820599","1820599"
"3655817","1820799","1820799","1820799"
"3656218","1820999","1820999","1820999"
"3656619","1821199","1821199","1821199"
"3658059","1821917","1821917","1821917"
"3658603","1822188","1822188","1822188"
"3658758","1822265","1822265","1822265"
"3659159","1822465","1822465","1822465"
"3659560","1822665","1822665","1822665"
"3659961","1822865","1822865","1822865"
"3660499","1823133","1823133","1823133"
"3660618","1823192","1823192","1823192"
"3661019","1823392","1823392","1823392"
"3661420","1823592","1823592","1823592"
"3662623","1824192","1824192","1824192"
"3663024","1824392","1824392","1824392"
"3663425","1824592","1824592","1824592"
"3663925","1824841","1824841","1824841"
"3665128","1825441","1825441","1825441"
"3665930","1825841","1825841","1825841"
"3666331","1826041","1826041","1826041"
"3667133","1826441","1826441","1826441"
"3667300","1826524","1826524","1826524"
"3667701","1826724","1826724","1826724"
"3667794","1826770","1826770","1826770"
"3668997","1827370","1827370","1827370"
"3669274","1827508","1827508","1827508"
"3669675","1827708","1827708","1827708"
"3670076","1827908","1827908","1827908"
"3670219","1827979","1827979","1827979"
"3670356","1828047","1828047","1828047"
"3671158","1828447","1828447","1828447"
"3671559","1828647","1828647","1828647"
"3671960","1828847","1828847","1828847"
"3672361","1829047","1829047","1829047"
"3672891","1829311","1829311","1829311"
"3673252","1829491","1829491","1829491"
"3673653","1829691","1829691","1829691"
"3674054","1829891","1829891","1829891"
"3674672","1830199","1830199","1830199"
"3675073","1830399","1830399","1830399"
"3675875","1830799","1830799","1830799"
"3676276","1830999","1830999","1830999"
"3676941","1831330","1831330","1831330"
"3677743","1831730","1831730","1831730"
"3678545","1832130","1832130","1832130"
"3679347","1832530","1832530","1832530"
"3679748","1832730","1832730","1832730"
"3680550","1833130","1833130","1833130"
"3680835","1833272","1833272","1833272"
"3681236","1833472","1833472","1833472"
"3681637","1833672","1833672","1833672"
"3682840","1834272","1834272","1834272"
"3683241","1834472","1834472","1834472"
"3683642","1834672","1834672","1834672"
"3683765","1834733","1834733","1834733"
"3684166","1834933","1834933","1834933"
"3684567","1835133","1835133","1835133"
"3684736","1835217","1835217","1835217"
"3685137","1835417","1835417","1835417"
"3685270","1835483","1835483","1835483"
"3685671","1835683","1835683","1835683"
"3686181","1835937","1835937","1835937"
"3687384","1836537","1836537","1836537"
"3687509","1836599","1836599","1836599"
"3687760","1836724","1836724","1836724"
"3687903","1836795","1836795","1836795"
"3688304","1836995","1836995","1836995"
"3688705","1837195","1837195","1837195"
"3689106","1837395","1837395","1837395"
"3689908","1837795","1837795","1837795"
"3690309","1837995","1837995","1837995"
"3690452","1838066","1838066","1838066"
"3690599","1838139","1838139","1838139"
"3691401","1838539","1838539","1838539"
"3691802","1838739","1838739","1838739"
"3692163","1838919","1838919","1838919"
"3692294","1838984","1838984","1838984"
"3692425","1839049","1839049","1839049"
"3692989","1839330","1839330","1839330"
"3693120","1839395","1839395","1839395"
"3693521","1839595","1839595","1839595"
"3693922","1839795","1839795","1839795"
"3695134","1840399","1840399","1840399"
"3695932","1840797","1840797","1840797"
"3696333","1840997","1840997","1840997"
"3696484","1841072","1841072","1841072"
"3697687","1841672","1841672","1841672"
"3698088","1841872","1841872","1841872"
"3698489","1842072","1842072","1842072"
"3698890","1842272","1842272","1842272"
"3699291","1842472","1842472","1842472"
"3699608","1842630","1842630","1842630"
"3700009","1842830","1842830","1842830"
"3701028","1843338","1843338","1843338"
"3701578","1843612","1843612","1843612"
"3701979","1843812","1843812","1843812"
"3702380","1844012","1844012","1844012"
"3703182","1844412","1844412","1844412"
"3703583","1844612","1844612","1844612"
"3703984","1844812","1844812","1844812"
"3704385","1845012","1845012","1845012"
"3704786","1845212","1845212","1845212"
"3705187","1845412","1845412","1845412"
"3705588","1845612","1845612","1845612"
"3706390","1846012","1846012","1846012"
"3706791","1846212","1846212","1846212"
"3707459","1846545","1846545","1846545"
"3708261","1846945","1846945","1846945"
"3708749","1847188","1847188","1847188"
"3709150","1847388","1847388","1847388"
"3710353","1847988","1847988","1847988"
"3711011","1848316","1848316","1848316"
"3711412","1848516","1848516","1848516"
"3711555","1848587","1848587","1848587"
"3711688","1848653","1848653","1848653"
"3711859","1848738","1848738","1848738"
"3712260","1848938","1848938","1848938"
"3713602","1849607","1849607","1849607"
"3714003","1849807","1849807","1849807"
"3714146","1849878","1849878","1849878"
"3714790","1850199","1850199","1850199"
"3715191","1850399","1850399","1850399"
"3715360","1850483","1850483","1850483"
"3716299","1850951","1850951","1850951"
"3716581","1851091","1851091","1851091"
"3716982","1851291","1851291","1851291"
"3718586","1852091","1852091","1852091"
"3718987","1852291","1852291","1852291"
"3720581","1853086","1853086","1853086"
"3720870","1853230","1853230","1853230"
"3721003","1853296","1853296","1853296"
"3721805","1853696","1853696","1853696"
"3722206","1853896","1853896","1853896"
"3722607","1854096","1854096","1854096"
"3723810","1854696","1854696","1854696"
"3723987","1854784","1854784","1854784"
"3724388","1854984","1854984","1854984"
"3725190","1855384","1855384","1855384"
"3725591","1855584","1855584","1855584"
"3725696","1855636","1855636","1855636"
"3726097","1855836","1855836","1855836"
"3726899","1856236","1856236","1856236"
"3727300","1856436","1856436","1856436"
"3728503","1857036","1857036","1857036"
"3729929","1857747","1857747","1857747"
"3730330","1857947","1857947","1857947"
"3731132","1858347","1858347","1858347"
"3731291","1858426","1858426","1858426"
"3731642","1858601","1858601","1858601"
"3731899","1858729","1858729","1858729"
"3732701","1859129","1859129","1859129"
"3732964","1859260","1859260","1859260"
"3733365","1859460","1859460","1859460"
"3733766","1859660","1859660","1859660"
"3734167","1859860","1859860","1859860"
"3734848","1860199","1860199","1860199"
"3735249","1860399","1860399","1860399"
"3736106","1860826","1860826","1860826"
"3736507","1861026","1861026","1861026"
"3736908","1861226","1861226","1861226"
"3737069","1861306","1861306","1861306"
"3737749","1861645","1861645","1861645"
"3738150","1861845","1861845","1861845"
"3738840","1862189","1862189","1862189"
"3738979","1862258","1862258","1862258"
"3739380","1862458","1862458","1862458"
"3740182","1862858","1862858","1862858"
"3740583","1863058","1863058","1863058"
"3741385","1863458","1863458","1863458"
"3742588","1864058","1864058","1864058"
"3742717","1864122","1864122","1864122"
"3743118","1864322","1864322","1864322"
"3743349","1864437","1864437","1864437"
"3743750","1864637","1864637","1864637"
"3745354","1865437","1865437","1865437"
"3745994","1865756","1865756","1865756"
"3746506","1866011","1866011","1866011"
"3746907","1866211","1866211","1866211"
"3747308","1866411","1866411","1866411"
"3748078","1866795","1866795","1866795"
"3748291","1866901","1866901","1866901"
"3748692","1867101","1867101","1867101"
"3749093","1867301","1867301","1867301"
"3749494","1867501","1867501","1867501"
"3749617","1867562","1867562","1867562"
"3750018","1867762","1867762","1867762"
"3750654","1868079","1868079","1868079"
"3751456","1868479","1868479","1868479"
"3751857","1868679","1868679","1868679"
"3752659","1869079","1869079","1869079"
"3753060","1869279","1869279","1869279"
"3753159","1869328","1869328","1869328"
"3753949","1869722","1869722","1869722"
"3754350","1869922","1869922","1869922"
"3755307","1870399","1870399","1870399"
"3755708","1870599","1870599","1870599"
"3756510","1870999","1870999","1870999"
"3756899","1871193","1871193","1871193"
"3757008","1871247","1871247","1871247"
"3757409","1871447","1871447","1871447"
"3757810","1871647","1871647","1871647"
"3758211","1871847","1871847","1871847"
"3758612","1872047","1872047","1872047"
"3760216","1872847","1872847","1872847"
"3761018","1873247","1873247","1873247"
"3761419","1873447","1873447","1873447"
"3761820","1873647","1873647","1873647"
"3762221","1873847","1873847","1873847"
"3762622","1874047","1874047","1874047"
"3762847","1874159","1874159","1874159"
"3763649","1874559","1874559","1874559"
"3764451","1874959","1874959","1874959"
"3765654","1875559","1875559","1875559"
"3766055","1875759","1875759","1875759"
"3767258","1876359","1876359","1876359"
"3768461","1876959","1876959","1876959"
"3768862","1877159","1877159","1877159"
"3769263","1877359","1877359","1877359"
"3769664","1877559","1877559","1877559"
"3770065","1877759","1877759","1877759"
"3771788","1878618","1878618","1878618"
"3772189","1878818","1878818","1878818"
"3772590","1879018","1879018","1879018"
"3772991","1879218","1879218","1879218"
"3773392","1879418","1879418","1879418"
"3773793","1879618","1879618","1879618"
"3774688","1880064","1880064","1880064"
"3775089","1880264","1880264","1880264"
"3775891","1880664","1880664","1880664"
"3776292","1880864","1880864","1880864"
"3777495","1881464","1881464","1881464"
"3777896","1881664","1881664","1881664"
"3779099","1882264","1882264","1882264"
"3779500","1882464","1882464","1882464"
"3779901","1882664","1882664","1882664"
"3780703","1883064","1883064","1883064"
"3781104","1883264","1883264","1883264"
"3781505","1883464","1883464","1883464"
"3781720","1883571","1883571","1883571"
"3782121","1883771","1883771","1883771"
"3782522","1883971","1883971","1883971"
"3782923","1884171","1884171","1884171"
"3783324","1884371","1884371","1884371"
"3784126","1884771","1884771","1884771"
"3784355","1884885","1884885","1884885"
"3784756","1885085","1885085","1885085"
"3785157","1885285","1885285","1885285"
"3785558","1885485","1885485","1885485"
"3786360","1885885","1885885","1885885"
"3786761","1886085","1886085","1886085"
"3788141","1886773","1886773","1886773"
"3788542","1886973","1886973","1886973"
"3789344","1887373","1887373","1887373"
"3790146","1887773","1887773","1887773"
"3791728","1888562","1888562","1888562"
"3792530","1888962","1888962","1888962"
"3792931","1889162","1889162","1889162"
"3793332","1889362","1889362","1889362"
"3793733","1889562","1889562","1889562"
"3794134","1889762","1889762","1889762"
"3795011","1890199","1890199","1890199"
"3795527","1890456","1890456","1890456"
"3796512","1890947","1890947","1890947"
"3798116","1891747","1891747","1891747"
"3799045","1892210","1892210","1892210"
"3799751","1892562","1892562","1892562"
"3799868","1892620","1892620","1892620"
"3800223","1892797","1892797","1892797"
"3802995","1894179","1894179","1894179"
"3803396","1894379","1894379","1894379"
"3804198","1894779","1894779","1894779"
"3804599","1894979","1894979","1894979"
"3805000","1895179","1895179","1895179"
"3805401","1895379","1895379","1895379"
"3805802","1895579","1895579","1895579"
"3806203","1895779","1895779","1895779"
"3806512","1895933","1895933","1895933"
"3806913","1896133","1896133","1896133"
"3807314","1896333","1896333","1896333"
"3808116","1896733","1896733","1896733"
"3808918","1897133","1897133","1897133"
"3810121","1897733","1897733","1897733"
"3810522","1897933","1897933","1897933"
"3811589","1898465","1898465","1898465"
"3811990","1898665","1898665","1898665"
"3813193","1899265","1899265","1899265"
"3813594","1899465","1899465","1899465"
"3813995","1899665","1899665","1899665"
"3814396","1899865","1899865","1899865"
"3815050","1900191","1900191","1900191"
"3815451","1900391","1900391","1900391"
"3816253","1900791","1900791","1900791"
"3816646","1900987","1900987","1900987"
"3817047","1901187","1901187","1901187"
"3817448","1901387","1901387","1901387"
"3817849","1901587","1901587","1901587"
"3818250","1901787","1901787","1901787"
"3818651","1901987","1901987","1901987"
"3819052","1902187","1902187","1902187"
"3819453","1902387","1902387","1902387"
"3819854","1902587","1902587","1902587"
"3820255","1902787","1902787","1902787"
"3820656","1902987","1902987","1902987"
"3821767","1903541","1903541","1903541"
"3822168","1903741","1903741","1903741"
"3822569","1903941","1903941","1903941"
"3822970","1904141","1904141","1904141"
"3823371","1904341","1904341","1904341"
"3823772","1904541","1904541","1904541"
"3824173","1904741","1904741","1904741"
"3824530","1904919","1904919","1904919"
"3824931","1905119","1905119","1905119"
"3826134","1905719","1905719","1905719"
"3826535","1905919","1905919","1905919"
"3828139","1906719","1906719","1906719"
"3828540","1906919","1906919","1906919"
"3828941","1907119","1907119","1907119"
"3829342","1907319","1907319","1907319"
"3829743","1907519","1907519","1907519"
"3830144","1907719","1907719","1907719"
"3830946","1908119","1908119","1908119"
"3831347","1908319","1908319","1908319"
"3831748","1908519","1908519","1908519"
"3832149","1908719","1908719","1908719"
"3832550","1908919","1908919","1908919"
"3832951","1909119","1909119","1909119"
"3833352","1909319","1909319","1909319"
"3833753","1909519","1909519","1909519"
"3834154","1909719","1909719","1909719"
"3834555","1909919","1909919","1909919"
"3835117","1910199","1910199","1910199"
"3835919","1910599","1910599","1910599"
"3836721","1910999","1910999","1910999"
"3837122","1911199","1911199","1911199"
"3837523","1911399","1911399","1911399"
"3837924","1911599","1911599","1911599"
"3838325","1911799","1911799","1911799"
"3838726","1911999","1911999","1911999"
"3839127","1912199","1912199","1912199"
"3839528","1912399","1912399","1912399"
"3839775","1912522","1912522","1912522"
"3840176","1912722","1912722","1912722"
"3841379","1913322","1913322","1913322"
"3841780","1913522","1913522","1913522"
"3842181","1913722","1913722","1913722"
"3842582","1913922","1913922","1913922"
"3842811","1914036","1914036","1914036"
"3843212","1914236","1914236","1914236"
"3843826","1914542","1914542","1914542"
"3844592","1914924","1914924","1914924"
"3844993","1915124","1915124","1915124"
"3845795","1915524","1915524","1915524"
"3846196","1915724","1915724","1915724"
"3846597","1915924","1915924","1915924"
"3846952","1916101","1916101","1916101"
"3847221","1916235","1916235","1916235"
"3847622","1916435","1916435","1916435"
"3848023","1916635","1916635","1916635"
"3848424","1916835","1916835","1916835"
"3848825","1917035","1917035","1917035"
"3849226","1917235","1917235","1917235"
"3849627","1917435","1917435","1917435"
"3850028","1917635","1917635","1917635"
"3850429","1917835","1917835","1917835"
"3850830","1918035","1918035","1918035"
"3851005","1918122","1918122","1918122"
"3851406","1918322","1918322","1918322"
"3851807","1918522","1918522","1918522"
"3852208","1918722","1918722","1918722"
"3853010","1919122","1919122","1919122"
"3854213","1919722","1919722","1919722"
"3854614","1919922","1919922","1919922"
"3854968","1920098","1920098","1920098"
"3855077","1920152","1920152","1920152"
"3855478","1920352","1920352","1920352"
"3855879","1920552","1920552","1920552"
"3856280","1920752","1920752","1920752"
"3856681","1920952","1920952","1920952"
"3857483","1921352","1921352","1921352"
"3857884","1921552","1921552","1921552"
"3859087","1922152","1922152","1922152"
"3859488","1922352","1922352","1922352"
"3859683","1922449","1922449","1922449"
"3860485","1922849","1922849","1922849"
"3860584","1922898","1922898","1922898"
"3860985","1923098","1923098","1923098"
"3861386","1923298","1923298","1923298"
"3861681","1923445","1923445","1923445"
"3862483","1923845","1923845","1923845"
"3863285","1924245","1924245","1924245"
"3863686","1924445","1924445","1924445"
"3864087","1924645","1924645","1924645"
"3865226","1925213","1925213","1925213"
"3865627","1925413","1925413","1925413"
"3866028","1925613","1925613","1925613"
"3866429","1925813","1925813","1925813"
"3867231","1926213","1926213","1926213"
"3867632","1926413","1926413","1926413"
"3868033","1926613","1926613","1926613"
"3868434","1926813","1926813","1926813"
"3869236","1927213","1927213","1927213"
"3870038","1927613","1927613","1927613"
"3870439","1927813","1927813","1927813"
"3870840","1928013","1928013","1928013"
"3871241","1928213","1928213","1928213"
"3872043","1928613","1928613","1928613"
"3872444","1928813","1928813","1928813"
"3872845","1929013","1929013","1929013"
"3874048","1929613","1929613","1929613"
"3874449","1929813","1929813","1929813"
"3875223","1930199","1930199","1930199"
"3875624","1930399","1930399","1930399"
"3876426","1930799","1930799","1930799"
"3877228","1931199","1931199","1931199"
"3878030","1931599","1931599","1931599"
"3878431","1931799","1931799","1931799"
"3878832","1931999","1931999","1931999"
"3879233","1932199","1932199","1932199"
"3879634","1932399","1932399","1932399"
"3880035","1932599","1932599","1932599"
"3880837","1932999","1932999","1932999"
"3881238","1933199","1933199","1933199"
"3881639","1933399","1933399","1933399"
"3882040","1933599","1933599","1933599"
"3882842","1933999","1933999","1933999"
"3883243","1934199","1934199","1934199"
"3883644","1934399","1934399","1934399"
"3884045","1934599","1934599","1934599"
"3884446","1934799","1934799","1934799"
"3885124","1935137","1935137","1935137"
"3885525","1935337","1935337","1935337"
"3885926","1935537","1935537","1935537"
"3886327","1935737","1935737","1935737"
"3886728","1935937","1935937","1935937"
"3887129","1936137","1936137","1936137"
"3887530","1936337","1936337","1936337"
"3887883","1936513","1936513","1936513"
"3888284","1936713","1936713","1936713"
"3889487","1937313","1937313","1937313"
"3889888","1937513","1937513","1937513"
"3890289","1937713","1937713","1937713"
"3892294","1938713","1938713","1938713"
"3892695","1938913","1938913","1938913"
"3893497","1939313","1939313","1939313"
"3893812","1939470","1939470","1939470"
"3894614","1939870","1939870","1939870"
"3895274","1940199","1940199","1940199"
"3896076","1940599","1940599","1940599"
"3897279","1941199","1941199","1941199"
"3897680","1941399","1941399","1941399"
"3898069","1941593","1941593","1941593"
"3898222","1941669","1941669","1941669"
"3898623","1941869","1941869","1941869"
"3899826","1942469","1942469","1942469"
"3900227","1942669","1942669","1942669"
"3900628","1942869","1942869","1942869"
"3900853","1942981","1942981","1942981"
"3901254","1943181","1943181","1943181"
"3901655","1943381","1943381","1943381"
"3902858","1943981","1943981","1943981"
"3903259","1944181","1944181","1944181"
"3904061","1944581","1944581","1944581"
"3904863","1944981","1944981","1944981"
"3905264","1945181","1945181","1945181"
"3905665","1945381","1945381","1945381"
"3906066","1945581","1945581","1945581"
"3906467","1945781","1945781","1945781"
"3907269","1946181","1946181","1946181"
"3907670","1946381","1946381","1946381"
"3908071","1946581","1946581","1946581"
"3908873","1946981","1946981","1946981"
"3909210","1947149","1947149","1947149"
"3909611","1947349","1947349","1947349"
"3910012","1947549","1947549","1947549"
"3910413","1947749","1947749","1947749"
"3911215","1948149","1948149","1948149"
"3912418","1948749","1948749","1948749"
"3912819","1948949","1948949","1948949"
"3913621","1949349","1949349","1949349"
"3914423","1949749","1949749","1949749"
"3914824","1949949","1949949","1949949"
"3915326","1950199","1950199","1950199"
"3916128","1950599","1950599","1950599"
"3916930","1950999","1950999","1950999"
"3917732","1951399","1951399","1951399"
"3918133","1951599","1951599","1951599"
"3918288","1951676","1951676","1951676"
"3918689","1951876","1951876","1951876"
"3919090","1952076","1952076","1952076"
"3919491","1952276","1952276","1952276"
"3920293","1952676","1952676","1952676"
"3921095","1953076","1953076","1953076"
"3921496","1953276","1953276","1953276"
"3921897","1953476","1953476","1953476"
"3922298","1953676","1953676","1953676"
"3922699","1953876","1953876","1953876"
"3923100","1954076","1954076","1954076"
"3923497","1954274","1954274","1954274"
"3923898","1954474","1954474","1954474"
"3924700","1954874","1954874","1954874"
"3926705","1955874","1955874","1955874"
"3927026","1956034","1956034","1956034"
"3927828","1956434","1956434","1956434"
"3928229","1956634","1956634","1956634"
"3928630","1956834","1956834","1956834"
"3929432","1957234","1957234","1957234"
"3929653","1957344","1957344","1957344"
"3930054","1957544","1957544","1957544"
"3930455","1957744","1957744","1957744"
"3930856","1957944","1957944","1957944"
"3931658","1958344","1958344","1958344"
"3932059","1958544","1958544","1958544"
"3932861","1958944","1958944","1958944"
"3933262","1959144","1959144","1959144"
"3933663","1959344","1959344","1959344"
"3934064","1959544","1959544","1959544"
"3934975","1959998","1959998","1959998"
"3935379","1960199","1960199","1960199"
"3936582","1960799","1960799","1960799"
"3936983","1960999","1960999","1960999"
"3937785","1961399","1961399","1961399"
"3938186","1961599","1961599","1961599"
"3938587","1961799","1961799","1961799"
"3938988","1961999","1961999","1961999"
"3939790","1962399","1962399","1962399"
"3940191","1962599","1962599","1962599"
"3940592","1962799","1962799","1962799"
"3940993","1962999","1962999","1962999"
"3941394","1963199","1963199","1963199"
"3941795","1963399","1963399","1963399"
"3943221","1964110","1964110","1964110"
"3944334","1964665","1964665","1964665"
"3945136","1965065","1965065","1965065"
"3945537","1965265","1965265","1965265"
"3946339","1965665","1965665","1965665"
"3946740","1965865","1965865","1965865"
"3948070","1966528","1966528","1966528"
"3948471","1966728","1966728","1966728"
"3948872","1966928","1966928","1966928"
"3949273","1967128","1967128","1967128"
"3949674","1967328","1967328","1967328"
"3950476","1967728","1967728","1967728"
"3951679","1968328","1968328","1968328"
"3952080","1968528","1968528","1968528"
"3952481","1968728","1968728","1968728"
"3953283","1969128","1969128","1969128"
"3954085","1969528","1969528","1969528"
"3955277","1970122","1970122","1970122"
"3955678","1970322","1970322","1970322"
"3956079","1970522","1970522","1970522"
"3959688","1972322","1972322","1972322"
"3960089","1972522","1972522","1972522"
"3960490","1972722","1972722","1972722"
"3960891","1972922","1972922","1972922"
"3961292","1973122","1973122","1973122"
"3962094","1973522","1973522","1973522"
"3962896","1973922","1973922","1973922"
"3963297","1974122","1974122","1974122"
"3964500","1974722","1974722","1974722"
"3965302","1975122","1975122","1975122"
"3965703","1975322","1975322","1975322"
"3966104","1975522","1975522","1975522"
"3966505","1975722","1975722","1975722"
"3966906","1975922","1975922","1975922"
"3968510","1976722","1976722","1976722"
"3969713","1977322","1977322","1977322"
"3970114","1977522","1977522","1977522"
"3970916","1977922","1977922","1977922"
"3971317","1978122","1978122","1978122"
"3971718","1978322","1978322","1978322"
"3972119","1978522","1978522","1978522"
"3972520","1978722","1978722","1978722"
"3972777","1978850","1978850","1978850"
"3973178","1979050","1979050","1979050"
"3973579","1979250","1979250","1979250"
"3973980","1979450","1979450","1979450"
"3974782","1979850","1979850","1979850"
"3975482","1980199","1980199","1980199"
"3976284","1980599","1980599","1980599"
"3976427","1980670","1980670","1980670"
"3976828","1980870","1980870","1980870"
"3977630","1981270","1981270","1981270"
"3978031","1981470","1981470","1981470"
"3979635","1982270","1982270","1982270"
"3980036","1982470","1982470","1982470"
"3981640","1983270","1983270","1983270"
"3982041","1983470","1983470","1983470"
"3982442","1983670","1983670","1983670"
"3982843","1983870","1983870","1983870"
"3983244","1984070","1984070","1984070"
"3983645","1984270","1984270","1984270"
"3984046","1984470","1984470","1984470"
"3984447","1984670","1984670","1984670"
"3984848","1984870","1984870","1984870"
"3985249","1985070","1985070","1985070"
"3986051","1985470","1985470","1985470"
"3987254","1986070","1986070","1986070"
"3987655","1986270","1986270","1986270"
"3988457","1986670","1986670","1986670"
"3988858","1986870","1986870","1986870"
"3989259","1987070","1987070","1987070"
"3989660","1987270","1987270","1987270"
"3990061","1987470","1987470","1987470"
"3990863","1987870","1987870","1987870"
"3991264","1988070","1988070","1988070"
"3992066","1988470","1988470","1988470"
"3992662","1988767","1988767","1988767"
"3993063","1988967","1988967","1988967"
"3994266","1989567","1989567","1989567"
"3995068","1989967","1989967","1989967"
"3995534","1990199","1990199","1990199"
"3995935","1990399","1990399","1990399"
"3996336","1990599","1990599","1990599"
"3997138","1990999","1990999","1990999"
"3997313","1991086","1991086","1991086"
"3997714","1991286","1991286","1991286"
"3998115","1991486","1991486","1991486"
"3998516","1991686","1991686","1991686"
"3998917","1991886","1991886","1991886"
"3999318","1992086","1992086","1992086"
"3999970","1992411","1992411","1992411"
"4000772","1992811","1992811","1992811"
"4001574","1993211","1993211","1993211"
"4001975","1993411","1993411","1993411"
"4002376","1993611","1993611","1993611"
"4002777","1993811","1993811","1993811"
"4003579","1994211","1994211","1994211"
"4003980","1994411","1994411","1994411"
"4004782","1994811","1994811","1994811"
"4005584","1995211","1995211","1995211"
"4005985","1995411","1995411","1995411"
"4006386","1995611","1995611","1995611"
"4006787","1995811","1995811","1995811"
"4007589","1996211","1996211","1996211"
"4008792","1996811","1996811","1996811"
"4009193","1997011","1997011","1997011"
"4009594","1997211","1997211","1997211"
"4010396","1997611","1997611","1997611"
"4010797","1997811","1997811","1997811"
"4011198","1998011","1998011","1998011"
"4011599","1998211","1998211","1998211"
"4012401","1998611","1998611","1998611"
"4012802","1998811","1998811","1998811"
"4013203","1999011","1999011","1999011"
"4013604","1999211","1999211","1999211"
"4015064","1999939","1999939","1999939"